id,conversation_id,created_at,date,time,timezone,user_id,username,name,place,tweet,class,mentions,urls,photos,replies_count,retweets_count,likes_count,hashtags,cashtags,link,retweet,quote_url,video,near,geo,source,user_rt_id,user_rt,retweet_id,reply_to,retweet_date,translate,trans_src,trans_dest
"1,22471606158662E+018","1,22466054350141E+018",1580830037000,2020-02-04,16:27:17,CET,2571177488,gepycaruso,GEPY CARUSO #iostoconsalvini,,"Non c'√© bisogno di andare in periferia per avere paura. io vivo in pieno centro, a milano, e giro con l'ombrello, anche se non piove...",0,"['salvosalento', 'ilconservator', 'myrtamerlino']",[],[],0,0,0,[],[],https://twitter.com/GEPYCARUSO/status/1224716061586620417,False,,0,,,,,,,"[{'user_id': '2571177488', 'username': 'GEPYCARUSO'}, {'user_id': '1137651108871118853', 'username': 'SalvoSalento'}, {'user_id': '3179856502', 'username': 'Ilconservator'}, {'user_id': '372273460', 'username': 'myrtamerlino'}]",,,,
"1,22471371227317E+018","1,22471371227317E+018",1580829477000,2020-02-04,16:17:57,CET,3213463427,anbi_nazionale,ANBI,,"üë®‚Äçüîß#5febbraio #GreenNewDeal #Italia 
NON PIOVE: RISERVE IDRICHE SEMPRE PI√ô BASSE IN BASILICATA E PUGLIA. QUALI RISPOSTE DAR√Ä IL GREEN NEW DEAL ALLA CRISI CLIMATICA ITALIANA? SE NE PARLER√Ä GIOVED√å A #Roma AD ASSEMBLEA SNEBI ‚Äì ANBI
 https://www.anbi.it/art/articoli/3964-non-piove-riserve-idriche-sempre-piu-basse-in-basilicata-e-p¬†‚Ä¶ pic.twitter.com/QcYkq32BW7",0,[],['https://www.anbi.it/art/articoli/3964-non-piove-riserve-idriche-sempre-piu-basse-in-basilicata-e-p'],"['https://pbs.twimg.com/media/EP8OoEiXsAEWLmF.jpg', 'https://pbs.twimg.com/media/EP8OoEdXsAYgF26.jpg']",0,2,0,"['#5febbraio', '#greennewdeal', '#italia', '#roma']",[],https://twitter.com/ANBI_Nazionale/status/1224713712273174528,False,,0,,,,,,,"[{'user_id': '3213463427', 'username': 'ANBI_Nazionale'}]",,,,
"1,22471289684176E+018","1,22469385011715E+018",1580829283000,2020-02-04,16:14:43,CET,334082030,doct_manhattan,Doc Manhattan üáÆüáπ,,"Concordo. Un imbecille va bloccato e basta. Varrebbe la pena di segnalarlo se i solerti ‚Äúguardioni‚Äù di Twitter non fossero come lui; invece, basta essere di sinistra, che si pu√≤ vomitare impunemente tutto l‚Äôodio che si vuole. Se sei leghista e scrivi ‚Äúoggi piove‚Äù ti sospendono.",0,"['stefanol2006', 'pupi18054216']",[],[],0,0,0,[],[],https://twitter.com/Doct_Manhattan/status/1224712896841756674,False,,0,,,,,,,"[{'user_id': '334082030', 'username': 'Doct_Manhattan'}, {'user_id': '3019658033', 'username': 'stefanol2006'}, {'user_id': '1065341441663295488', 'username': 'Pupi18054216'}]",,,,
"1,22471232630737E+018","1,22470717393206E+018",1580829147000,2020-02-04,16:12:27,CET,"7,64089437336797E+017",viola9013,marce,,ci  si  immaginava.... piove  sul  bagnato....  ora  ci  massacrano.....  mah....,0,['firenzeviola_it'],[],[],0,0,0,[],[],https://twitter.com/viola9013/status/1224712326307373058,False,,0,,,,,,,"[{'user_id': '764089437336797184', 'username': 'viola9013'}, {'user_id': '153404271', 'username': 'firenzeviola_it'}]",,,,
"1,22471191150748E+018","1,22471191150748E+018",1580829048000,2020-02-04,16:10:48,CET,43083883,fremebonda,Frem,,piove granita!,0,[],[],[],1,0,2,[],[],https://twitter.com/fremebonda/status/1224711911507484680,False,,0,,,,,,,"[{'user_id': '43083883', 'username': 'fremebonda'}]",,,,
"1,22470808406659E+018","1,22470808406659E+018",1580828135000,2020-02-04,15:55:35,CET,88869142,sansalvonet,sansalvo.net,,"Non piove, l'Euro Ortofrutticola del Trigno chiede l'erogazione straordinaria dell'acqua  http://www.sansalvo.net/notizie/attualita/33991/non-piove-leuro-ortofrutticola-del-trigno-chiede-lerogazione-straordinaria-dellacqua¬†‚Ä¶",0,[],['http://www.sansalvo.net/notizie/attualita/33991/non-piove-leuro-ortofrutticola-del-trigno-chiede-lerogazione-straordinaria-dellacqua'],[],0,0,0,[],[],https://twitter.com/sansalvonet/status/1224708084066590721,False,,0,,,,,,,"[{'user_id': '88869142', 'username': 'sansalvonet'}]",,,,
"1,22470732647044E+018","1,22470732647044E+018",1580827955000,2020-02-04,15:52:35,CET,"1,03604611084084E+018",rayblanc_,raymond,,piove nel petto una dolcezza inquieta  pic.twitter.com/jqkk8Mc3mx,0,[],[],"['https://pbs.twimg.com/media/EP8I0VGWkAkZhE0.jpg', 'https://pbs.twimg.com/media/EP8I0T2WkAAlYb_.jpg']",0,1,1,[],[],https://twitter.com/rayblanc_/status/1224707326470434823,False,,0,,,,,,,"[{'user_id': '1036046110840840192', 'username': 'rayblanc_'}]",,,,
"1,22470675964801E+018","1,22470675964801E+018",1580827820000,2020-02-04,15:50:20,CET,3089400243,awaywithziam,namu ü¶ã,,piove dai tuoi occhi quando non ti ascolto,0,[],[],[],0,0,0,[],[],https://twitter.com/awaywithziam/status/1224706759648010241,False,,0,,,,,,,"[{'user_id': '3089400243', 'username': 'awaywithziam'}]",,,,
"1,22470575543521E+018","1,22469418675207E+018",1580827580000,2020-02-04,15:46:20,CET,"1,18713606463025E+018",musashi70216647,Musashi Miyamoto,,"Sa, col fatto che non si sa pi√π se fa freddo o caldo o piove o c'√® il sole, capita disbagliare soprabito e allora ti arrabbi e inizi a picchiare una donna.",0,['euromasochismo'],[],[],0,0,0,[],[],https://twitter.com/Musashi70216647/status/1224705755435208704,False,,0,,,,,,,"[{'user_id': '1187136064630247425', 'username': 'Musashi70216647'}, {'user_id': '1886063070', 'username': 'EuroMasochismo'}]",,,,
"1,22470521179882E+018","1,22470521179882E+018",1580827451000,2020-02-04,15:44:11,CET,296179562,andrea23_t,Andrea,,"‚ÄúMi chiedevo tu come stai
√à un po' che non ti sento ormai
Vorrei portarti al mare
Ma non ho pi√π belle parole‚Äú

ULTIMO - QUANDO FUORI PIOVE  https://youtu.be/s3GePraYXc0¬† via @YouTube",0,['youtube'],['https://youtu.be/s3GePraYXc0'],[],0,0,5,[],[],https://twitter.com/andrea23_t/status/1224705211798818816,False,,0,,,,,,,"[{'user_id': '296179562', 'username': 'andrea23_t'}, {'user_id': '10228272', 'username': 'YouTube'}]",,,,
"1,22470423022683E+018","1,22470423022683E+018",1580827217000,2020-02-04,15:40:17,CET,253368478,piovef,Piove,,"Y si no me encontras..
Quisiera que mires al mar,
Yo estar√© mirandolo en otro lugar.",0,[],[],[],0,0,0,[],[],https://twitter.com/PioveF/status/1224704230226829315,False,,0,,,,,,,"[{'user_id': '253368478', 'username': 'PioveF'}]",,,,
"1,22470044509401E+018","1,22468461716228E+018",1580826314000,2020-02-04,15:25:14,CET,"1,19400571374133E+018",im__marlene,ùí¥ùëíùìÉùìÉùëíùíªùëíùìá ùëúùíª ùí±ùëíùìÉùëîùëíùìáùí∑ùëíùìáùëî ‚ú®,,In sicilia ci sono 25 gradi e non piove da pi√π di un mese,0,['inthehobbithole'],[],[],0,0,1,[],[],https://twitter.com/im__marlene/status/1224700445094006786,False,,0,,,,,,,"[{'user_id': '1194005713741332480', 'username': 'im__marlene'}, {'user_id': '382085720', 'username': 'inthehobbithole'}]",,,,
"1,22469888395306E+018","1,22469888395306E+018",1580825942000,2020-02-04,15:19:02,CET,3147598703,la_sberg,Serena,,Non si butta niente i documenti e le ricevute prima o poi qualcuno le vuole vedere la moda √® ciclica tutto torna e soprattutto il destino √® infame e quando butti qualcosa poi sicuro ti serve come quando esci senza ombrello che poi infatti piove IL CASO √à CHIUSO,0,[],[],[],0,0,1,[],[],https://twitter.com/La_sberg/status/1224698883953057798,False,,0,,,,,,,"[{'user_id': '3147598703', 'username': 'La_sberg'}]",,,,
"1,22469800879062E+018","1,22465086771191E+018",1580825733000,2020-02-04,15:15:33,CET,"9,01094140607439E+017",similares_,La meraviglia di essere simili‚ú®,,"Ma raga un tweet di Laura che fa pi√π di 100 likes, domani piove 
STREAM ""FATTI SENTIRE"" E PRENDIAMOCI IL TRIPLO DISCO DI PLATINO",0,[],[],[],0,0,2,[],[],https://twitter.com/similares_/status/1224698008790622209,False,,0,,,,,,,"[{'user_id': '901094140607438850', 'username': 'similares_'}]",,,,
"1,22469620531536E+018","1,22469620531536E+018",1580825303000,2020-02-04,15:08:23,CET,1886063070,euromasochismo,Il Pedante,,"Ma no, √® una coincidenza. Siccome quando piove e c'√® l'acqua.  https://twitter.com/Mrsisme_/status/1224695191388545025¬†‚Ä¶",0,[],['https://twitter.com/Mrsisme_/status/1224695191388545025'],[],0,1,14,[],[],https://twitter.com/EuroMasochismo/status/1224696205315362816,False,https://twitter.com/Mrsisme_/status/1224695191388545025,0,,,,,,,"[{'user_id': '1886063070', 'username': 'EuroMasochismo'}]",,,,
"1,22469361307195E+018","1,22469361307195E+018",1580824685000,2020-02-04,14:58:05,CET,3305130700,gallarryaf,piove musica,,Domani ho due esami e non mi sento per nulla preparata,0,[],[],[],0,0,1,[],[],https://twitter.com/gallarryaf/status/1224693613071949827,False,,0,,,,,,,"[{'user_id': '3305130700', 'username': 'gallarryaf'}]",,,,
"1,22469164397205E+018","1,22116040057576E+018",1580824216000,2020-02-04,14:50:16,CET,"1,07215833716747E+018",whoispiove,pio de novo,,"@vini_0508 

oPiovesan",0,"['heyimsuny', 'vini_0508']",[],[],0,0,1,[],[],https://twitter.com/WhoIsPiove/status/1224691643972046848,False,,0,,,,,,,"[{'user_id': '1072158337167474688', 'username': 'WhoIsPiove'}, {'user_id': '804395114684710914', 'username': 'HeyImSuny'}, {'user_id': '3397926857', 'username': 'vini_0508'}]",,,,
"1,22469146497165E+018","1,22447997507357E+018",1580824173000,2020-02-04,14:49:33,CET,273585545,strikers65,Miky,,"Sul fatto che Ranieri sia un gran Signore non ci piove. Sul fatto che giornalai fomentino odio e gli imbecilli mettano in pratica il tutto allo stadio neppure. Poi, con la falsit√† di molti, si chiude il cerchio e si ricomincia.",0,['realvarriale'],[],[],0,0,0,[],[],https://twitter.com/strikers65/status/1224691464971653120,False,,0,,,,,,,"[{'user_id': '273585545', 'username': 'strikers65'}, {'user_id': '3373946236', 'username': 'realvarriale'}]",,,,
"1,22468910929954E+018","1,22466567277873E+018",1580823611000,2020-02-04,14:40:11,CET,"1,07215833716747E+018",whoispiove,pio de novo,,ü§ßü§ßü§ß,0,['bridicristina2'],[],[],0,0,0,[],[],https://twitter.com/WhoIsPiove/status/1224689109299539968,False,,0,,,,,,,"[{'user_id': '1072158337167474688', 'username': 'WhoIsPiove'}, {'user_id': '1064583635225976834', 'username': 'bridicristina2'}]",,,,
"1,22468907078332E+018","1,22468386661673E+018",1580823602000,2020-02-04,14:40:02,CET,"7,6163747914131E+017",marcuccimauriz,Maurvizio,,Su questo non ci piove! Ma i Sardi lo sanno ?,0,['borghi_claudio'],[],[],0,0,1,[],[],https://twitter.com/marcuccimauriz/status/1224689070783324167,False,,0,,,,,,,"[{'user_id': '761637479141310464', 'username': 'marcuccimauriz'}, {'user_id': '337767301', 'username': 'borghi_claudio'}]",,,,
"1,22468805069922E+018","1,22466567277873E+018",1580823359000,2020-02-04,14:35:59,CET,"1,07215833716747E+018",whoispiove,pio de novo,,n√£o fui eu mas concordo com tudo,0,['bridicristina2'],[],[],1,0,2,[],[],https://twitter.com/WhoIsPiove/status/1224688050699218947,False,,0,,,,,,,"[{'user_id': '1072158337167474688', 'username': 'WhoIsPiove'}, {'user_id': '1064583635225976834', 'username': 'bridicristina2'}]",,,,
"1,22468777066233E+018","1,22465357676247E+018",1580823292000,2020-02-04,14:34:52,CET,464076139,sandracasini,Sandra ü¶ì‚≠êü¶ì‚≠êü¶ì‚≠êü¶ì,,"Ma tanto potrebbe dire che piove mentre sta diluviando e gli direbbero sempre ""non ci convinci"". Perch√© da noi l'oggettivit√† dei fatti non esiste proprio",0,"['colpogobboytube', 'anomaleo', 'massimozampini']",[],[],0,0,0,[],[],https://twitter.com/SandraCasini/status/1224687770662330373,False,,0,,,,,,,"[{'user_id': '464076139', 'username': 'SandraCasini'}, {'user_id': '1066988506227122176', 'username': 'ColpogobboYtube'}, {'user_id': '625017850', 'username': 'anomaleo'}, {'user_id': '413014500', 'username': 'massimozampini'}]",,,,
"1,22468746827396E+018","1,22467758668243E+018",1580823220000,2020-02-04,14:33:40,CET,"1,07215833716747E+018",whoispiove,pio de novo,,mudou anjinho?,0,['_teeefih'],[],[],0,0,0,[],[],https://twitter.com/WhoIsPiove/status/1224687468273963015,False,,0,,,,,,,"[{'user_id': '1072158337167474688', 'username': 'WhoIsPiove'}, {'user_id': '861671013767147520', 'username': '_teeefih'}]",,,,
"1,22468685851444E+018","1,22468685851444E+018",1580823075000,2020-02-04,14:31:15,CET,2781204699,giuseppesfrego2,Giuseppe Sfregola,,"Fuori piove e io no, non mi copro
Fiori s√¨ per me, cado gi√π nel vuoto
Sei fuori come me
Tu sei fuori come me  pic.twitter.com/7Mhn641Mjh",0,[],[],['https://pbs.twimg.com/media/EP72L-_WsAEWMN5.jpg'],0,0,0,[],[],https://twitter.com/giuseppesfrego2/status/1224686858514436099,False,,0,,,,,,,"[{'user_id': '2781204699', 'username': 'giuseppesfrego2'}]",,,,
"1,2246858200425E+018","1,22453380083689E+018",1580822827000,2020-02-04,14:27:07,CET,"1,07215833716747E+018",whoispiove,pio de novo,,eu que lute Mauri.....,0,"['devmanfe', 'juliiiacamargo']",[],[],0,0,1,[],[],https://twitter.com/WhoIsPiove/status/1224685820042498048,False,,0,,,,,,,"[{'user_id': '1072158337167474688', 'username': 'WhoIsPiove'}, {'user_id': '85883989', 'username': 'devmanfe'}, {'user_id': '3174468910', 'username': 'juliiiacamargo'}]",,,,
"1,22468471626511E+018","1,22468471626511E+018",1580822564000,2020-02-04,14:22:44,CET,438360919,veneziatoday,VeneziaToday,,Passi avanti per la linea ferroviaria tra #Chioggia e Piove di Sacco  http://www.veneziatoday.it/cronaca/linea-ferrovia-chioggia-piove-di-sacco.html¬†‚Ä¶,0,[],['http://www.veneziatoday.it/cronaca/linea-ferrovia-chioggia-piove-di-sacco.html'],[],0,0,0,['#chioggia'],[],https://twitter.com/veneziatoday/status/1224684716265107456,False,,0,,,,,,,"[{'user_id': '438360919', 'username': 'veneziatoday'}]",,,,
"1,22468384955E+018","1,22468384955E+018",1580822357000,2020-02-04,14:19:17,CET,222514664,reyer1872,Reyer Venezia,,"üèÄüìöüèÜ
@veneziaairport @reyerschoolcup 
La prima tappa dell'edizione 2020 ""Umana Padova 1"" ha emesso i suoi verdetti: sono gli istituti Duca Degli Abruzzi di Padova e Einstein di Piove di Sacco a strappare il pass per la fase #ReyerMadness!
üéâ Complimenti ragazzi!
#ReyerSchoolCup https://twitter.com/reyerschoolcup/status/1224680605490798592¬†‚Ä¶",0,"['veneziaairport', 'reyerschoolcup']",['https://twitter.com/reyerschoolcup/status/1224680605490798592'],[],0,0,2,"['#reyermadness', '#reyerschoolcup']",[],https://twitter.com/REYER1872/status/1224683849550004232,False,https://twitter.com/reyerschoolcup/status/1224680605490798592,0,,,,,,,"[{'user_id': '222514664', 'username': 'REYER1872'}, {'user_id': '789125078931898370', 'username': 'veneziaairport'}, {'user_id': '824314885005836289', 'username': 'reyerschoolcup'}]",,,,
"1,22468216299096E+018","1,22444839577694E+018",1580821955000,2020-02-04,14:12:35,CET,"1,02491408605059E+018",marioliguori20,guaicaipuro,,"I napoletani potrebbero controbattere i tifosi della Samp dicendo solamente attenti alle nuvole perch√© se piove tremate a Genova e attenti a dove circolate con le auto ,ma noi nn siamo loro",0,['lucacerasuolo'],[],[],0,0,0,[],[],https://twitter.com/marioliguori20/status/1224682162990960641,False,,0,,,,,,,"[{'user_id': '1024914086050586624', 'username': 'marioliguori20'}, {'user_id': '292823459', 'username': 'lucacerasuolo'}]",,,,
"1,22467668484003E+018","1,22460349034283E+018",1580820649000,2020-02-04,13:50:49,CET,421412030,filotemp,Filippo1968,,"Dove mi piove, mi scivola ovvero lasciarsi scivolare addosso preoccupazioni inutili",0,['eva46084430'],[],[],1,0,1,[],[],https://twitter.com/FiloTemp/status/1224676684840034304,False,,0,,,,,,,"[{'user_id': '421412030', 'username': 'FiloTemp'}, {'user_id': '1181960287794151427', 'username': 'eva46084430'}]",,,,
"1,22467542236291E+018","1,22467542236291E+018",1580820348000,2020-02-04,13:45:48,CET,374175177,__hijacker,NŒπg–Ω—Ç–ºŒ±—èŒµ üêØ,,"Sicilia, inverno 2020:
- 23¬∞
- Non piove da nonricordonemmenoquando√®statalultimavolta
- Piante secche",0,[],[],[],1,0,0,[],[],https://twitter.com/__hijacker/status/1224675422362914816,False,,0,,,,,,,"[{'user_id': '374175177', 'username': '__hijacker'}]",,,,
"1,2246737752261E+018","1,2246737752261E+018",1580819956000,2020-02-04,13:39:16,CET,24856912,paoloroversi,Paolo Roversi,,Tira vento forte a Milano. Non piove ma almeno l'aria si ripulisce un po'...,0,[],[],[],3,1,26,[],[],https://twitter.com/paoloroversi/status/1224673775226101762,False,,0,,,,,,,"[{'user_id': '24856912', 'username': 'paoloroversi'}]",,,,
"1,22467257281148E+018","1,22467257281148E+018",1580819669000,2020-02-04,13:34:29,CET,"1,01665681031141E+018",swiftlannisterr,ùêÜùê¢ùêÆùê•ùê¢Œ± eterofobŒ± puttŒ±nŒ± di lady ùêÇorŒ±,,"Nel compito di grammatica di francese ho scritto ‚ÄúNon esco, quindi piove‚Äù al posto di ‚Äúpiove, quindi non esco‚Äù  pic.twitter.com/eQYghk4o6Z",0,[],[],['https://pbs.twimg.com/media/EP7pNObWsAI26xe.jpg'],0,0,2,[],[],https://twitter.com/swiftlannisterr/status/1224672572811481091,False,,0,,,,,,,"[{'user_id': '1016656810311409665', 'username': 'swiftlannisterr'}]",,,,
"1,22466844232803E+018","1,22466844232803E+018",1580818684000,2020-02-04,13:18:04,CET,323488415,_unfunnyaccount,Wilkins Micawber,,"Ah, ecco perch√© oggi piove.  https://twitter.com/TorinoFC_1906/status/1224660677295517698¬†‚Ä¶",0,[],['https://twitter.com/TorinoFC_1906/status/1224660677295517698'],[],0,0,0,[],[],https://twitter.com/_unfunnyaccount/status/1224668442328031232,False,https://twitter.com/TorinoFC_1906/status/1224660677295517698,0,,,,,,,"[{'user_id': '323488415', 'username': '_unfunnyaccount'}]",,,,
"1,22466653092497E+018","1,22466179469589E+018",1580818228000,2020-02-04,13:10:28,CET,2370034936,perseo1984a,6 Perseo? Ô∏èü¶Ñ,,"Bello si, un tizio che canta ""guarda come piove, prendi il soprabito """,0,['fiocchibosi'],[],[],2,0,3,[],[],https://twitter.com/perseo1984a/status/1224666530924974081,False,,0,,,,,,,"[{'user_id': '2370034936', 'username': 'perseo1984a'}, {'user_id': '961663424206983168', 'username': 'fiocchibosi'}]",,,,
"1,22466470545481E+018","1,22254834227159E+018",1580817793000,2020-02-04,13:03:13,CET,1198293565,peppelicata72,GIUSEPPE LICATA,,Qua in Sicilia non piove dal 21 dicembre e si prevede ancora caldo e siccit√†...l‚Äôagricoltura √® in grave emergenza,0,['luca_mercalli'],[],[],0,0,0,[],[],https://twitter.com/PEPPELICATA72/status/1224664705454804992,False,,0,,,,,,,"[{'user_id': '1198293565', 'username': 'PEPPELICATA72'}, {'user_id': '2432172080', 'username': 'Luca_Mercalli'}]",,,,
"1,22466329313201E+018","1,22466329313201E+018",1580817456000,2020-02-04,12:57:36,CET,"1,2206604133371E+018",avanzingocce,avanzingocce,,"‚Äú la fantasia √® un posto dove ci piove dentro‚Äù 
Calvino",0,[],[],[],0,1,2,[],[],https://twitter.com/avanzingocce/status/1224663293132005377,False,,0,,,,,,,"[{'user_id': '1220660413337100288', 'username': 'avanzingocce'}]",,,,
"1,22465786804282E+018","1,22465786804282E+018",1580816163000,2020-02-04,12:36:03,CET,448016052,ldegeri,Lorenzo Degeri,,"‚Äú..E piove luce intorno a noi..‚Äù ‚òÄÔ∏èü¶Ö 
.
.
.
.
.
#me #ronin #sole #arcobaleno #luce #beetleborgs #spacconi #simoseibrutto #sudareesoffrireinsieme #divertendoci #anarchico #topbombamani #samurai #instaDegio @ Pandino,‚Ä¶  https://www.instagram.com/p/B8JLxilI-Ix/?igshid=vsgxw6yepatl¬†‚Ä¶",0,[],['https://www.instagram.com/p/B8JLxilI-Ix/?igshid=vsgxw6yepatl'],[],0,0,0,"['#me', '#ronin', '#sole', '#arcobaleno', '#luce', '#beetleborgs', '#spacconi', '#simoseibrutto', '#sudareesoffrireinsieme', '#divertendoci', '#anarchico', '#topbombamani', '#samurai', '#instadegio']",[],https://twitter.com/LDegeri/status/1224657868042817539,False,,0,,,,,,,"[{'user_id': '448016052', 'username': 'LDegeri'}]",,,,
"1,22465707167882E+018","1,22465707167882E+018",1580815973000,2020-02-04,12:32:53,CET,251130873,nuovascintilla,nuova scintilla,,"4/2. Il sindaco di Chioggia annuncia parere positivo del Ministero Infrastrutture e di Rete Ferroviaria Italiana per realizzare uno studio di fattibilit√† sul collegamento ferroviario Chioggia-Piove di Sacco,vitale per la citt√†. Si attendono informazioni sull'iter del procedimento  pic.twitter.com/1ILhpYf7WA",0,[],[],['https://pbs.twimg.com/media/EP7bG5SXkA4X5qF.jpg'],0,0,0,[],[],https://twitter.com/NuovaScintilla/status/1224657071678816257,False,,0,,,,,,,"[{'user_id': '251130873', 'username': 'NuovaScintilla'}]",,,,
"1,22465667355129E+018","1,22465667355129E+018",1580815878000,2020-02-04,12:31:18,CET,924027517,prestigiazione,üÖøüÜÅüÖ¥üÜÇüÜÉüÖ∏üÖ∂üÖ∏üÖ∞üÜâüÖ∏üÖæüÖΩüÖ¥.üÖ∏üÜÉ,,"9/2/2020, #Biandronno (Va), #AndreaParis e #DavideAllena in ""Come Quando Fuori Piove"" 

#Spettacolo #Show #Teatro #cabaret #StandUp #Magia #Magic
 https://wp.me/p6q5C2-4tS¬† pic.twitter.com/fkitdhGWbu",0,[],['https://wp.me/p6q5C2-4tS'],['https://pbs.twimg.com/media/EP7ahdRWAAQdZUE.jpg'],0,0,0,"['#biandronno', '#andreaparis', '#davideallena', '#spettacolo', '#show', '#teatro', '#cabaret', '#standup', '#magia', '#magic']",[],https://twitter.com/prestigiazione/status/1224656673551286273,False,,0,,,,,,,"[{'user_id': '924027517', 'username': 'prestigiazione'}]",,,,
"1,22465320163658E+018","1,22465320163658E+018",1580815050000,2020-02-04,12:17:30,CET,924027517,prestigiazione,üÖøüÜÅüÖ¥üÜÇüÜÉüÖ∏üÖ∂üÖ∏üÖ∞üÜâüÖ∏üÖæüÖΩüÖ¥.üÖ∏üÜÉ,,"9/2/2020, Biandronno (Va), Andrea Paris e Davide Allena in ‚ÄúCome Quando Fuori¬†Piove‚Äù  https://www.prestigiazione.it/wp/9-2-2020-biandronno-va-andrea-paris-e-davide-allena-in-come-quando-fuori-piove/¬†‚Ä¶ pic.twitter.com/HY6UROmM6y",0,[],['https://www.prestigiazione.it/wp/9-2-2020-biandronno-va-andrea-paris-e-davide-allena-in-come-quando-fuori-piove/'],['https://pbs.twimg.com/media/EP7XmLRXsAA-QQT.jpg'],0,0,0,[],[],https://twitter.com/prestigiazione/status/1224653201636581376,False,,0,,,,,,,"[{'user_id': '924027517', 'username': 'prestigiazione'}]",,,,
"1,22464506789545E+018","1,22464506789545E+018",1580813111000,2020-02-04,11:45:11,CET,2815034528,parclickitalia,Parclick Italia,,"Il parco da Villa Borghese va girato a piedi o in bicicletta, non ci piove. 
Ecco perch√® ti sar√† utile sapere qual √® il nostro parcheggio pi√π prenotato vicino a Villa Borghese! 

Eccolo quiüëâ https://bit.ly/3b48OyJ¬†
#roma #4gennaio #villaborghese pic.twitter.com/GXn0Rzkr7x",0,[],['https://bit.ly/3b48OyJ'],['https://pbs.twimg.com/media/EP7PlWXXUAAFlBf.jpg'],0,0,0,"['#roma', '#4gennaio', '#villaborghese']",[],https://twitter.com/ParclickItalia/status/1224645067895451648,False,,0,,,,,,,"[{'user_id': '2815034528', 'username': 'ParclickItalia'}]",,,,
"1,22464492089337E+018","1,22462268200163E+018",1580813076000,2020-02-04,11:44:36,CET,2204706469,janavel7,jean- jacques rouss√≤,,"Era lei che twittava ""Piove preparate i canotti"". Quando era all'opposizione...",0,"['antetempo', 'repubblica']",[],[],0,0,5,[],[],https://twitter.com/janavel7/status/1224644920893374465,False,,0,,,,,,,"[{'user_id': '2204706469', 'username': 'janavel7'}, {'user_id': '80269492', 'username': 'Antetempo'}, {'user_id': '18935802', 'username': 'repubblica'}]",,,,
"1,22464278087145E+018","1,22436494115253E+018",1580812566000,2020-02-04,11:36:06,CET,"1,22225326096008E+018",vidoc03070357,Vidoc,,"Gi√† con sto ""roba da matti"" hai rotto il cazzo, e ancor di pi√π quando evidenzi il fatto k sia stato un Senegalese...merita la galera x i fatti commessi, su questo non ci piove, ma basta fomentare odio con i tuoi post di merda! Mai uno in cui denunci un Italiano vero? Buffone.",0,['matteosalvinimi'],[],[],0,0,0,[],[],https://twitter.com/Vidoc03070357/status/1224642780871450625,False,,0,,,,,,,"[{'user_id': '1222253260960083969', 'username': 'Vidoc03070357'}, {'user_id': '270839361', 'username': 'matteosalvinimi'}]",,,,
"1,22464136669889E+018","1,224618746117E+018",1580812229000,2020-02-04,11:30:29,CET,559539059,61budellino,fede b.,,"Strada piena di buche...ed √® un mese che non piove...
Caro polato...stopa le buse , prima",0,['corriereveneto'],[],[],0,0,0,[],[],https://twitter.com/61budellino/status/1224641366698885121,False,,0,,,,,,,"[{'user_id': '559539059', 'username': '61budellino'}, {'user_id': '68421930', 'username': 'corriereveneto'}]",,,,
"1,22464107368061E+018","1,22464107368061E+018",1580812159000,2020-02-04,11:29:19,CET,2412801794,immediatonet,l'Immediato,,"Danza della pioggia tra gli agricoltori, invasi mezzi vuoti. ‚ÄúNon piove da pi√π di 50 giorni, a rischio la campagna cerealicola‚Äù  https://www.immediato.net/2020/02/04/danza-della-pioggia-tra-gli-agricoltori-invasi-mezzi-vuoti-non-piove-da-piu-di-50-giorni-a-rischio-la-campagna-cerealicola/¬†‚Ä¶",0,[],['https://www.immediato.net/2020/02/04/danza-della-pioggia-tra-gli-agricoltori-invasi-mezzi-vuoti-non-piove-da-piu-di-50-giorni-a-rischio-la-campagna-cerealicola/'],[],0,1,0,[],[],https://twitter.com/immediatonet/status/1224641073680613376,False,,0,,,,,,,"[{'user_id': '2412801794', 'username': 'immediatonet'}]",,,,
"1,22464060487499E+018","1,22463893685897E+018",1580812047000,2020-02-04,11:27:27,CET,862024087,finoallafine___,Ileana,,Primavera! A Palermo non piove come si deve da due mesi.,0,['hazydavey_37'],[],[],1,0,0,[],[],https://twitter.com/FinoAllaFine___/status/1224640604874985472,False,,0,,,,,,,"[{'user_id': '862024087', 'username': 'FinoAllaFine___'}, {'user_id': '560401416', 'username': 'Hazydavey_37'}]",,,,
"1,22463925578969E+018","1,22463844420438E+018",1580811725000,2020-02-04,11:22:05,CET,1029436543,endriuco,Andrea Codega,,"Su questo non ci piove, purtroppo.",0,['dan_maze'],[],[],0,0,0,[],[],https://twitter.com/endriuco/status/1224639255789690884,False,,0,,,,,,,"[{'user_id': '1029436543', 'username': 'endriuco'}, {'user_id': '353888721', 'username': 'dan_maze'}]",,,,
"1,22463382303346E+018","1,22463382303346E+018",1580810430000,2020-02-04,11:00:30,CET,"1,19721435490463E+018",bastard26715868,TONNO,,Non ci piove!  https://twitter.com/italiaviva/status/1224440968784445441¬†‚Ä¶,0,[],['https://twitter.com/italiaviva/status/1224440968784445441'],[],0,0,0,[],[],https://twitter.com/bastard26715868/status/1224633823033462784,False,https://twitter.com/ItaliaViva/status/1224440968784445441,0,,,,,,,"[{'user_id': '1197214354904629253', 'username': 'bastard26715868'}]",,,,
"1,22463356687899E+018","1,22463356687899E+018",1580810369000,2020-02-04,10:59:29,CET,340835639,vittoriocataldi,Antonio Bitti,,"‚ÄúE di l√† intanto
dal lato opposto al mare
piove un raggiare del sole
in trinit√† larga e scomposta.
Passer√† questa umida Dea
sta passando di gi√†.
Con movimento nascosto
giugno bello di nuovo si innesta.‚Äù

#MariangelaGualtieri",0,[],[],[],0,0,1,['#mariangelagualtieri'],[],https://twitter.com/VittorioCataldi/status/1224633566878994432,False,,0,,,,,,,"[{'user_id': '340835639', 'username': 'VittorioCataldi'}]",,,,
"1,22463223262058E+018","1,22427591140879E+018",1580810051000,2020-02-04,10:54:11,CET,2481833000,gioloiloi,Giorgio Loi,,"Allora, che gli altri siano stati ignobili non ci piove, per√≤, dai, poteva aspettarselo. Salvini non √® mica un pischello. Simili ingenuit√† non sono consentite a chi aspira a governare l'Italia in un mondo di lupi.",0,"['lordofrings69', 'matteosalvinimi']",[],[],1,0,0,[],[],https://twitter.com/GioloiLoi/status/1224632232620576770,False,,0,,,,,,,"[{'user_id': '2481833000', 'username': 'GioloiLoi'}, {'user_id': '553895296', 'username': 'LordOfRings69'}, {'user_id': '270839361', 'username': 'matteosalvinimi'}]",,,,
"1,22462748972258E+018","1,22462748972258E+018",1580808920000,2020-02-04,10:35:20,CET,4557902253,ivanbellavista2,Ivanbellavista,,"No basta, 19 gradi adesso, non piove mai , uff.",0,[],[],[],0,0,0,[],[],https://twitter.com/Ivanbellavista2/status/1224627489722576896,False,,0,,,,,,,"[{'user_id': '4557902253', 'username': 'Ivanbellavista2'}]",,,,
"1,22462388031005E+018","1,22462388031005E+018",1580808060000,2020-02-04,10:21:00,CET,"8,97793016248906E+017",nihilsubsolen,Nihil sub sole novum,,"#FattoQuotidiano
#repubblica
#sole24ore
#Corriere
Lega Regioni nord kiude scuole x improbabile contagio #coronavirus, fate stare a casa tutti anke qnd piove allora xke' fulmini uccidono + del virus da centinaia di anni..roba da pazzi, ci fosse un medico fra questi ignoranti..Amen  pic.twitter.com/8CsckQKlup",0,[],[],"['https://pbs.twimg.com/media/EP6863xXUAASvGZ.jpg', 'https://pbs.twimg.com/media/EP6863zX0AIxPdH.png', 'https://pbs.twimg.com/media/EP6863zWkAAxhGD.png']",0,0,0,"['#fattoquotidiano', '#repubblica', '#sole24ore', '#corriere', '#coronavirus']",[],https://twitter.com/Nihilsubsolen/status/1224623880310050816,False,,0,,,,,,,"[{'user_id': '897793016248905729', 'username': 'Nihilsubsolen'}]",,,,
"1,22462304578199E+018","1,22462304578199E+018",1580807861000,2020-02-04,10:17:41,CET,"8,97793016248906E+017",nihilsubsolen,Nihil sub sole novum,,"@FattoQuotidiano
@repubblica
@sole24ore
@Corriere
Lega Regioni nord kiude scuole x improbabile contagio #coronavirus, fate stare a casa tutti anke qnd piove allora xke' fulmini uccidono + del virus da centinaia di anni..roba da pazzi, ci fosse un medico fra questi ignoranti..Amen  pic.twitter.com/eSQdAiQfMW",0,"['fattoquotidiano', 'repubblica', 'sole24ore', 'corriere']",[],"['https://pbs.twimg.com/media/EP68KRFWAAU4KYQ.png', 'https://pbs.twimg.com/media/EP68KRQXkAAS89g.png', 'https://pbs.twimg.com/media/EP68KSLXUAE5cH0.jpg', 'https://pbs.twimg.com/media/EP68KSKXUAEB3Pi.png']",0,0,0,['#coronavirus'],[],https://twitter.com/Nihilsubsolen/status/1224623045781991425,False,,0,,,,,,,"[{'user_id': '897793016248905729', 'username': 'Nihilsubsolen'}, {'user_id': '52424550', 'username': 'fattoquotidiano'}, {'user_id': '18935802', 'username': 'repubblica'}, {'user_id': '420351046', 'username': 'sole24ore'}, {'user_id': '395218906', 'username': 'Corriere'}]",,,,
"1,22462073011513E+018","1,22462073011513E+018",1580807309000,2020-02-04,10:08:29,CET,"1,14000843425707E+018",libellu87858416,Libellula,,"Piove e l'acqua mi scorre addosso,ma non riesce a lavare la mia tristezza e il mio dolore. Passa lenta sul mio viso per poi cadere sulle mie mani. 
Piove e non mi accorgo che quelle che mi cadono addosso sono le mie lacrime. G. Gallo #CastelliDiParole #CasaLettori pic.twitter.com/RWmfDhpVjH",0,[],[],['https://pbs.twimg.com/media/EP66Dl-X0AYIcwx.jpg'],1,26,43,"['#castellidiparole', '#casalettori']",[],https://twitter.com/Libellu87858416/status/1224620730115133440,False,,0,,,,,,,"[{'user_id': '1140008434257072129', 'username': 'Libellu87858416'}]",,,,
"1,22461550541744E+018","1,22461550541744E+018",1580806063000,2020-02-04,09:47:43,CET,1475891930,salvatoreandro5,salvatore.andronaco,,Le tre bombe sanitarie della Cina e gli effetti sul petrolio  https://it.insideover.com/economia/le-tre-bombe-sanitarie-della-cina-e-gli-effetti-sul-petrolio.html¬†‚Ä¶ di @insideover_ita   ... INIZIATO L'EFFETTO DOMINO PER LA CINA? PIOVE SUL BAGNATO,0,[],['https://it.insideover.com/economia/le-tre-bombe-sanitarie-della-cina-e-gli-effetti-sul-petrolio.html'],[],0,0,0,[],[],https://twitter.com/salvatoreandro5/status/1224615505417441280,False,,0,,,,,,,"[{'user_id': '1475891930', 'username': 'salvatoreandro5'}]",,,,
"1,22460509282706E+018","1,22460509282706E+018",1580803580000,2020-02-04,09:06:20,CET,"1,13566839528069E+018",fede_spera86,Fede_Spera,,"Con il Pd ha in comune il fatto di aver governato senza aver mai vinto le elezioni.
Su questo non ci piove!  pic.twitter.com/KqZ7bJse0L",0,[],[],['https://pbs.twimg.com/media/EP6r1ZFX4AEuXKK.jpg'],0,0,0,[],[],https://twitter.com/Fede_Spera86/status/1224605092827058177,False,,0,,,,,,,"[{'user_id': '1135668395280687109', 'username': 'Fede_Spera86'}]",,,,
"1,22460362791609E+018","1,22458087798601E+018",1580803231000,2020-02-04,09:00:31,CET,3009283112,sosfigatto,SoSfigatto,,"Cmq l epidemia se ho capito bene..si √® sviluppata in pieno centro. Nelle zone evolute ed industrializzate. Questo fa pensare..forse non √® ""solo"" questione di igiene. Poi sulla necessit√† che Cina l India rispettino l ambiente salvaguardando se stessi e gli altri. Nn ci pioveüëç",0,['castellinoluigi'],[],[],1,0,0,[],[],https://twitter.com/Sosfigatto/status/1224603627916091393,False,,0,,,,,,,"[{'user_id': '3009283112', 'username': 'Sosfigatto'}, {'user_id': '977605577827389440', 'username': 'CastellinoLuigi'}]",,,,
"1,2245976947501E+018","1,2245976947501E+018",1580801817000,2020-02-04,08:36:57,CET,251130873,nuovascintilla,nuova scintilla,,4/2.Avv. G.Boscolo: Piano Trasporti accoglie istanza del Comitato Legge speciale di potenziare ferrovia Chioggia-Adria e rinvia a fasi successive interventi su Arzerone e ferrovia per Piove-Pd-Ve.Serve appoggio di gruppi consiliari regionali. Incontro:7/2 h17.30 in Coop.Prometeo  pic.twitter.com/LInmTQHKeU,0,[],[],['https://pbs.twimg.com/media/EP6lHIIWsAA-z33.jpg'],0,0,0,[],[],https://twitter.com/NuovaScintilla/status/1224597694750101505,False,,0,,,,,,,"[{'user_id': '251130873', 'username': 'NuovaScintilla'}]",,,,
"1,22458908959019E+018","1,22458908959019E+018",1580799765000,2020-02-04,08:02:45,CET,3786360497,wonderfulpaths,wonderfulpaths,,"#Nepal, #Pokhara paradiso del turismo sportivo ai piedi dell'#Annapurna. Ma se piove e c'√® la nebbia come √® capitato a me? E' l'occasione per scoprire altre realt√†, come il monastero buddhista dei rifugiati tibetani o il museo dei gurkha.  https://www.wonderfulpaths.com/pokhara/¬† pic.twitter.com/WBgTfJeF1t",0,[],['https://www.wonderfulpaths.com/pokhara/'],['https://pbs.twimg.com/media/EP6dR-NWAAIXwgD.jpg'],4,9,16,"['#nepal', '#pokhara', '#annapurna']",[],https://twitter.com/wonderfulpaths/status/1224589089590194177,False,,0,,,,,,,"[{'user_id': '3786360497', 'username': 'wonderfulpaths'}]",,,,
"1,22458406188637E+018","1,22448507266712E+018",1580798566000,2020-02-04,07:42:46,CET,506402572,shark2208,"Voisiete, Iosonno",,Fin l√¨ non ci piove üòâ,0,['lotus3patrizia'],[],[],0,0,1,[],[],https://twitter.com/shark2208/status/1224584061886369794,False,,0,,,,,,,"[{'user_id': '506402572', 'username': 'shark2208'}, {'user_id': '56657613', 'username': 'Lotus3Patrizia'}]",,,,
"1,22458150695958E+018","1,22458150695958E+018",1580797957000,2020-02-04,07:32:37,CET,"1,18813007856526E+018",baldelli_marco,MARCO BALDELLI,,"sei il numero uno, non ci piove, ma perch√©  ti ostini a sprecare fiato con gli intellettualmente disonesti sallusti del video? tu l'hai detto che parlare con gli ..... poi rischi di essere confuso. ci vedremo a bologna 23 marzo. con grande stima@marcotravaglio",0,[],[],[],0,0,0,[],[],https://twitter.com/baldelli_marco/status/1224581506959581185,False,,0,,,,,,,"[{'user_id': '1188130078565261312', 'username': 'baldelli_marco'}]",,,,
"1,22455139839159E+018","1,22455139839159E+018",1580790779000,2020-02-04,05:32:59,CET,627117107,dolcicarloni,Dolci Carloni,,"30% done with Ci vediamo domani se non piove, by Joanne Bonny  https://goodreads.com/user_status/show/263891293¬†‚Ä¶",0,[],['https://goodreads.com/user_status/show/263891293'],[],0,0,0,[],[],https://twitter.com/DolciCarloni/status/1224551398391590914,False,,0,,,,,,,"[{'user_id': '627117107', 'username': 'DolciCarloni'}]",,,,
"1,22452533754921E+018","1,22446033363026E+018",1580784565000,2020-02-04,03:49:25,CET,167458005,trisino,Carcarlo Pravettoni,,"Il tempo √® galantuomo, su questo non ci piove. Intanto facciamo un altro favore alle √©lite liberiste e diamo una sforbiciata alla fastidiosa rappresentanza parlamentare. Prima o poi, dopo le cazzate, FORSE attueranno anche la parte di programma che parla dell‚ÄôUE pre-Maastricht...",0,['marconarcisi1'],[],[],1,0,0,[],[],https://twitter.com/trisino/status/1224525337549209600,False,,0,,,,,,,"[{'user_id': '167458005', 'username': 'trisino'}, {'user_id': '1185138746', 'username': 'MarcoNarcisi1'}]",,,,
"1,22451627945483E+018","1,22451627945483E+018",1580782406000,2020-02-04,03:13:26,CET,"1,12874832813136E+018",isabellapiove10,Isabella Piovesan,,"Querido Cursinho, nao te quero na minha vida",0,[],[],[],0,0,2,[],[],https://twitter.com/IsabellaPiove10/status/1224516279454830594,False,,0,,,,,,,"[{'user_id': '1128748328131362816', 'username': 'IsabellaPiove10'}]",,,,
"1,22450796096301E+018","1,22450796096301E+018",1580780422000,2020-02-04,02:40:22,CET,"1,05706673133471E+018",ana_piovezana_,Piove,,"Eu tinha mil coisas pra desenhar, mas n√£o, fui escolher o mais demorado e complicado de todos",0,[],[],[],0,0,0,[],[],https://twitter.com/Ana_Piovezana_/status/1224507960963010560,False,,0,,,,,,,"[{'user_id': '1057066731334713344', 'username': 'Ana_Piovezana_'}]",,,,
"1,22449459998253E+018","1,20659343906594E+018",1580777237000,2020-02-04,01:47:17,CET,1334265158,mycroftpedia,ùê¨ùêöùê´ùêö ùêúùê¢ùêßùêûùê¨ùêúùêö üè¥‚Äç‚ò†Ô∏è,,su questo non ci piove ma mi sento rappresentata,0,['aleechaye'],[],[],0,0,0,[],[],https://twitter.com/mycroftpedia/status/1224494599982526465,False,,0,,,,,,,"[{'user_id': '1334265158', 'username': 'mycroftpedia'}, {'user_id': '1167137401929633792', 'username': 'aleechaye'}]",,,,
"1,2244937008244E+018","1,22448776402618E+018",1580777022000,2020-02-04,01:43:42,CET,"1,07215833716747E+018",whoispiove,pio de novo,,voc√™s!!!,0,['maidaninha__'],[],[],0,0,0,[],[],https://twitter.com/WhoIsPiove/status/1224493700824403968,False,,0,,,,,,,"[{'user_id': '1072158337167474688', 'username': 'WhoIsPiove'}, {'user_id': '849081836332617728', 'username': 'maidaninha__'}]",,,,
"1,22448872247905E+018","1,22448872247905E+018",1580775835000,2020-02-04,01:23:55,CET,3099428541,radiolisola,L'isola che non c'√®,,#NowPlaying: Mameli - Anche quando piove,0,[],[],[],0,0,0,['#nowplaying'],[],https://twitter.com/radiolisola/status/1224488722479054849,False,,0,,,,,,,"[{'user_id': '3099428541', 'username': 'radiolisola'}]",,,,
"1,22448858474235E+018","1,22448776402618E+018",1580775803000,2020-02-04,01:23:23,CET,"1,07215833716747E+018",whoispiove,pio de novo,,sim!,0,['maidaninha__'],[],[],1,0,0,[],[],https://twitter.com/WhoIsPiove/status/1224488584742350848,False,,0,,,,,,,"[{'user_id': '1072158337167474688', 'username': 'WhoIsPiove'}, {'user_id': '849081836332617728', 'username': 'maidaninha__'}]",,,,
"1,22448630981062E+018","1,22440720432702E+018",1580775260000,2020-02-04,01:14:20,CET,51377916,dscanferla,Daniele Scanferla,,"Ben fatto Onorevole, lasci pure che quelle parole le ‚Äúcanti‚Äù davanti a milioni di italiani. Cos√¨ poi potr√† stracciarsi le vesti, urlare alla scandolo e attaccare Salvini perch√© piove. Il suo partito sostiene e influenza il governo. Lei √® deputata non suorina, basta ipocrisie",0,['meb'],[],[],0,1,2,[],[],https://twitter.com/dscanferla/status/1224486309810622464,False,,0,,,,,,,"[{'user_id': '51377916', 'username': 'dscanferla'}, {'user_id': '588200416', 'username': 'meb'}]",,,,
"1,22448363832833E+018","1,22448363832833E+018",1580774623000,2020-02-04,01:03:43,CET,418918878,estermuntoni,estermuntoni,,"IN CIELO NUVOLE OSCURANO LA LUNA. PIOVE SU I TRISTI VOLTI, IN CERCA DEL DIVINO ATTRAVERSANO I MARI. GIORNI DIVENTANO PREGHIERA FIN DENTRO L' ANIMA. TACE IL DOLORE, DIPINGE IL SOGNO DELLA SPERANZA IL TEMPO. ABITA NEL CUORE LA BELLEZZA, CHE NON HA TIMORE DEL TIMIDO AMORE.
continua  pic.twitter.com/7OzmGmHw79",0,[],[],['https://pbs.twimg.com/media/EP49XaNWAAA_KeB.jpg'],1,0,0,[],[],https://twitter.com/estermuntoni/status/1224483638328332294,False,,0,,,,,,,"[{'user_id': '418918878', 'username': 'estermuntoni'}]",,,,
"1,22448355405645E+018","1,2239218466572E+018",1580774603000,2020-02-04,01:03:23,CET,617404862,nicorst,Nico üáÆüáπ üá¨üá∑ üáªüá™ üáØüáµ,,"Non ci piove. Manca giusto un gradino, forse due. Che purtroppo presuppone una contrapposizione a Bruxelles che in questo momento pare impossibile. Pi√π Stato. Molto pi√π Stato (soprattutto nei servizi essenziali).",0,"['mpenikas', 'm5sweare99', 'voceiddio', 'potemkin959', 'marioerdrago', 'marcevann']",[],[],1,0,2,[],[],https://twitter.com/nicorst/status/1224483554056450049,False,,0,,,,,,,"[{'user_id': '617404862', 'username': 'nicorst'}, {'user_id': '2898075617', 'username': 'MPenikas'}, {'user_id': '2872060322', 'username': 'M5SWeAre99'}, {'user_id': '1058712916856369153', 'username': 'VoceIddio'}, {'user_id': '1123567903297671170', 'username': 'Potemkin959'}, {'user_id': '1073978302451367937', 'username': 'marioerdrago'}, {'user_id': '1000480351905632258', 'username': 'MarceVann'}]",,,,
"1,22448164322795E+018","1,22438019149095E+018",1580774148000,2020-02-04,00:55:48,CET,574620995,laura_lauril,Laura,,Poveracci....come sempre piove sul bagnato.,0,['andreasso1951'],[],[],0,0,0,[],[],https://twitter.com/laura_lauril/status/1224481643227951104,False,,0,,,,,,,"[{'user_id': '574620995', 'username': 'laura_lauril'}, {'user_id': '763784342', 'username': 'andreasso1951'}]",,,,
"1,22448124568343E+018","1,22448124568343E+018",1580774053000,2020-02-04,00:54:13,CET,1001206868,lucantarello,Luca Cantarello,,"""Ti pisciano in testa e ti dicono che piove""  https://twitter.com/gloquenzi/status/1224329941040422920¬†‚Ä¶",0,[],['https://twitter.com/gloquenzi/status/1224329941040422920'],[],0,0,0,[],[],https://twitter.com/Lucantarello/status/1224481245683425285,False,https://twitter.com/gloquenzi/status/1224329941040422920,0,,,,,,,"[{'user_id': '1001206868', 'username': 'Lucantarello'}]",,,,
"1,22447985509976E+018","1,22434806402827E+018",1580773721000,2020-02-04,00:48:41,CET,"7,37966697399865E+017",andreaporretti2,Andrea Porretti,,Allora ascolta: quali sono i diritti umani?!? Quello di fare almeno un pasto al giorno?!? Essere al riparo in una abitazione quando piove e fa freddo o con l'aria condizionata d'estate avere un mezzo di locomozione per gli spostamenti pane fresco e una fettina di carne unavolta,0,"['zamma__', 'matteosalvinimi']",[],[],0,0,0,[],[],https://twitter.com/AndreaPorretti2/status/1224479855099764737,False,,0,,,,,,,"[{'user_id': '737966697399865344', 'username': 'AndreaPorretti2'}, {'user_id': '1216142382867066880', 'username': 'ZAMMA__'}, {'user_id': '270839361', 'username': 'matteosalvinimi'}]",,,,
"1,22447641497776E+018","1,2244458272355E+018",1580772901000,2020-02-04,00:35:01,CET,"1,05706673133471E+018",ana_piovezana_,Piove,,Mentira kkk,0,['laura_sottili'],[],[],0,0,0,[],[],https://twitter.com/Ana_Piovezana_/status/1224476414977761282,False,,0,,,,,,,"[{'user_id': '1057066731334713344', 'username': 'Ana_Piovezana_'}, {'user_id': '1094577560778932226', 'username': 'laura_sottili'}]",,,,
"1,22447621891081E+018","1,22447542244597E+018",1580772854000,2020-02-04,00:34:14,CET,"1,07215833716747E+018",whoispiove,pio de novo,,sim pf,0,['juliiiacamargo'],[],[],0,0,1,[],[],https://twitter.com/WhoIsPiove/status/1224476218910814210,False,,0,,,,,,,"[{'user_id': '1072158337167474688', 'username': 'WhoIsPiove'}, {'user_id': '3174468910', 'username': 'juliiiacamargo'}]",,,,
"1,2244676271726E+018","1,2244676271726E+018",1580770806000,2020-02-04,00:00:06,CET,"7,09056776092717E+017",friseuringo,Daniela,,"Una canzone...
che avrei voluto scrivere, 
che ascolto sempre,  
che descrive il mio stato d'animo.
Una canzone da ascoltare quando piove.
Una canzone da condividere con il mondo.....  https://youtu.be/VJDJs9dumZI¬† üéµ by #GeorgeHarrison pic.twitter.com/IWPCy4MQV1",0,[],['https://youtu.be/VJDJs9dumZI'],['https://pbs.twimg.com/media/EP4u0M-X4AAJR7X.jpg'],0,0,2,['#georgeharrison'],[],https://twitter.com/friseuringo/status/1224467627172601861,False,,0,,,,,,,"[{'user_id': '709056776092717056', 'username': 'friseuringo'}]",,,,
"1,22446625537511E+018","1,22446625537511E+018",1580770479000,2020-02-03,23:54:39,CET,1593966667,irongrafft,Samuele Graffiedi,,"Bella  presentazione ‚Äúbiopsicosociale‚Äù sul dolore remoto-rotuleo. 

(I pz con PFP da anni che si sentono guariti, in realt√† mostrano ancora sensibilizzazione)

(Per quando fuori piove üåß e ti tocca il tapis-roulant üèÉüèª‚Äç‚ôÇÔ∏è)

 https://youtu.be/ewR7Ia-qMb0¬† pic.twitter.com/blW10UCaHX",0,[],['https://youtu.be/ewR7Ia-qMb0'],['https://pbs.twimg.com/media/EP4tkUXWAAUKyfZ.jpg'],0,1,4,[],[],https://twitter.com/irongrafFT/status/1224466255375106048,False,,0,,,,,,,"[{'user_id': '1593966667', 'username': 'irongrafFT'}]",,,,
"1,22446414797228E+018","1,22445985040031E+018",1580769976000,2020-02-03,23:46:16,CET,"1,22286616767887E+018",blacksa46884739,BlackSabbath,,"Cancellalo,ti ricordo che sono morte delle persone,magari di Genova puoi dire che quando piove diventa una piscina,ma le tragedie non si toccano.",0,['gn80028'],[],[],0,0,0,[],[],https://twitter.com/BlackSa46884739/status/1224464147972284417,False,,0,,,,,,,"[{'user_id': '1222866167678873608', 'username': 'BlackSa46884739'}, {'user_id': '341990287', 'username': 'GN80028'}]",,,,
"1,22446406847763E+018","1,22446406847763E+018",1580769958000,2020-02-03,23:45:58,CET,2771636649,pulcepalma,pulce,,"Con la frase di Anna Frank:

""Credo nel sole anche quando  
                                       piove""

E la foto di uno dei bellissimi momenti della fiction 

auguro #BuonaNotteATutti quelli che hanno passato la serata con:

              #LaGuerra√®Finita

 +Memoria - Odio pic.twitter.com/RVZkordfDR",0,[],[],['https://pbs.twimg.com/media/EP4rk5GWkAEjRV7.jpg'],0,16,50,"['#buonanotteatutti', '#laguerra√®finita']",[],https://twitter.com/pulcepalma/status/1224464068477628416,False,,0,,,,,,,"[{'user_id': '2771636649', 'username': 'pulcepalma'}]",,,,
"1,2244633404303E+018","1,22441084544841E+018",1580769784000,2020-02-03,23:43:04,CET,"1,05706673133471E+018",ana_piovezana_,Piove,,@aninha_tinazzo,0,"['_thebestofnike', 'aninha_tinazzo']",[],[],0,0,0,[],[],https://twitter.com/Ana_Piovezana_/status/1224463340430295045,False,,0,,,,,,,"[{'user_id': '1057066731334713344', 'username': 'Ana_Piovezana_'}, {'user_id': '1181561511455670272', 'username': '_thebestofnike'}, {'user_id': '3384873772', 'username': 'aninha_tinazzo'}]",,,,
"1,22446103416719E+018","1,22444967401202E+018",1580769234000,2020-02-03,23:33:54,CET,637180335,unknown12345sos,{—á—ë—Ä—Ç},,E su questo non ci pioveüòÇ,0,['divsasterr'],[],[],0,0,1,[],[],https://twitter.com/unknown12345sos/status/1224461034167185412,False,,0,,,,,,,"[{'user_id': '637180335', 'username': 'unknown12345sos'}, {'user_id': '2955113765', 'username': 'divsasterr'}]",,,,
"1,22446008190913E+018","1,22445719659706E+018",1580769007000,2020-02-03,23:30:07,CET,"1,22398595911037E+018",vale_quelcheval,Vale,,"Mi sembra giusto 
Se fai un sondaggio vuoi sapere quello che pensano gli altri non dare un‚Äôopinione
Su questo non ci piove e la gatta fa le ove",0,['gft78'],[],[],1,0,1,[],[],https://twitter.com/vale_quelcheval/status/1224460081909129216,False,,0,,,,,,,"[{'user_id': '1223985959110369280', 'username': 'vale_quelcheval'}, {'user_id': '75341933', 'username': 'GFT78'}]",,,,
"1,22445907068339E+018","1,22445113805064E+018",1580768766000,2020-02-03,23:26:06,CET,"9,18358963061711E+017",hydrangeajin,B.‚Å∑üåô,,"Qui nessuno ha capito.Blob √® un programma tv satirico -e fin qui non ci piove. Si pu√≤ essere d'accordo o meno con quello che propone. Ma tra disinformazione, dare voce a una stupidaggine del genere ingigantendola e gli insulti che leggo qui...fatevi tutti un'analisi di coscienza.",0,['bts_italiabics'],[],[],0,0,16,[],[],https://twitter.com/hydrangeajin/status/1224459070683394049,False,,0,,,,,,,"[{'user_id': '918358963061710848', 'username': 'hydrangeajin'}, {'user_id': '1173214173548961792', 'username': 'bts_italiabics'}]",,,,
"1,22445747646191E+018","1,22445628143756E+018",1580768386000,2020-02-03,23:19:46,CET,"9,60093245354267E+017",ap0rnalypse,alice ü•Ä ceo of bottom!law,,"L'odio piove nei suoi confronti probabilmente perch√© ""innamorata"" di Light. E chiaramente lei non era innamorata di lui ma delle sue idee.
Basterebbe leggere pi√π attentamente tra le righe della sua storia per capire pi√π attentamente il suo personaggio",0,['mista_teinculo'],[],[],1,0,2,[],[],https://twitter.com/ap0rnalypse/status/1224457476461907969,False,,0,,,,,,,"[{'user_id': '960093245354266624', 'username': 'ap0rnalypse'}, {'user_id': '1186435619570012162', 'username': 'Mista_teinculo'}]",,,,
"1,22445675460955E+018","1,22445675460955E+018",1580768214000,2020-02-03,23:16:54,CET,"7,09067993683202E+017",mascol0,jen,,"giravo milano con con te
stavamo girando due storie
distratto, di scatto, qui piove
c'√® la luuUnaaAaAA",0,[],[],[],1,1,4,[],[],https://twitter.com/MASCOL0/status/1224456754609545217,False,,0,,,,,,,"[{'user_id': '709067993683202048', 'username': 'MASCOL0'}]",,,,
"1,22445607941052E+018","1,22445607941052E+018",1580768053000,2020-02-03,23:14:13,CET,2767316247,linda_mancino,Linda Mancino,,"Chi ha parenti rinviati a giudizio, per reati per i quali non ci sono prove a discarico perch√© colpevoli, vuole l'immunit√† con la #prescrizione, ma la riforma #Bonafede gliela toglierebbe.
E la butta sul:
#principiodicivilt√†
#processoinfinito
#giustizialismo
#i5Signoranti
#piove",0,[],[],[],0,3,4,"['#prescrizione', '#bonafede', '#principiodicivilt√†', '#processoinfinito', '#giustizialismo', '#i5signoranti', '#piove']",[],https://twitter.com/linda_mancino/status/1224456079410524161,False,,0,,,,,,,"[{'user_id': '2767316247', 'username': 'linda_mancino'}]",,,,
"1,22445497893004E+018","1,22445497893004E+018",1580767790000,2020-02-03,23:09:50,CET,2603547679,yerx1m,becca‚ô°X1,,domani piove perch√© minho non ha usato un effetto di snow  pic.twitter.com/VaqVzak0Qr,0,[],[],"['https://pbs.twimg.com/media/EP4jTTHU4AAoE8E.jpg', 'https://pbs.twimg.com/media/EP4jT6JUYAYwHQD.jpg']",0,0,3,[],[],https://twitter.com/yerx1m/status/1224454978930036741,False,,0,,,,,,,"[{'user_id': '2603547679', 'username': 'yerx1m'}]",,,,
"1,22445473163803E+018","1,22445473163803E+018",1580767731000,2020-02-03,23:08:51,CET,636860158,roccor28,Rocco2Ô∏è‚É£8Ô∏è‚É£‚úùÔ∏è,,"Mah, come cazzo a Genova piove 2 minuti scende tutto gi√π, sti dementi cantano, Vesuvio lavali col fuoco.
Mah. üåßÔ∏èüåßÔ∏èüåßÔ∏èAbbiate la bont√† di stare zitti üåßÔ∏èüåßÔ∏èüåßÔ∏èche pu√≤ üåßÔ∏èüåßÔ∏èüåßÔ∏è  pic.twitter.com/G5cOHXWVc2",0,[],[],['https://pbs.twimg.com/media/EP4jFqDVUAAvcZ5.jpg'],0,7,16,[],[],https://twitter.com/roccor28/status/1224454731638034433,False,,0,,,,,,,"[{'user_id': '636860158', 'username': 'roccor28'}]",,,,
"1,22445363961325E+018","1,22434657094832E+018",1580767471000,2020-02-03,23:04:31,CET,"9,5520927608313E+017",taxience,Vincenzo Vescera,,"Che l‚Äôepisodio di Lautaro sia stata una svista non ci piove , per√≤ √® stata l‚Äôunica a favore, l‚Äôunica .",0,"['lupinoiii', 'mklk78', 'roccodeleo1', 'sgang1908']",[],[],1,0,0,[],[],https://twitter.com/taxience/status/1224453639613247491,False,,0,,,,,,,"[{'user_id': '955209276083130368', 'username': 'taxience'}, {'user_id': '473782446', 'username': 'LupinoIII'}, {'user_id': '1017058881837699073', 'username': 'mklk78'}, {'user_id': '377918507', 'username': 'RoccoDeLeo1'}, {'user_id': '1124372434013048832', 'username': 'Sgang1908'}]",,,,
"1,22445265587276E+018","1,2244465262456E+018",1580767237000,2020-02-03,23:00:37,CET,557200688,fijema,FijEma,,"La solita danza propiziatoria che puntualmente porta al propiziante il beneficio di purificarsi sotto la caterva di gol che gli piove da cielo per volont√† (oggi) delle divinit√† #milik #elmas #demme #mertens
#ForzaNapoliSempre
#sampnapoli",0,['lucacerasuolo'],[],[],0,0,2,"['#milik', '#elmas', '#demme', '#mertens', '#forzanapolisempre', '#sampnapoli']",[],https://twitter.com/FijEma/status/1224452655872761856,False,,0,,,,,,,"[{'user_id': '557200688', 'username': 'FijEma'}, {'user_id': '292823459', 'username': 'lucacerasuolo'}]",,,,
"1,2244503440899E+018","1,22444223765786E+018",1580766685000,2020-02-03,22:51:25,CET,2766062542,gjoegl,Giuseppe_giardina,,"Io io ti offriro
Perle di pioggia venute da dove non piove mai
Apriro la terra gi√π fino nel fondo
Per coprirti d'oro, d'oro e di luce
E ti portero, dove non c'√® pi√π
Che quel che tu vuoi, che quel che tu cerchi
Non andare via, non andare via, non andare via
Non andare via",0,['baldo20012010'],[],[],1,1,2,[],[],https://twitter.com/gjoegl/status/1224450344089899010,False,,0,,,,,,,"[{'user_id': '2766062542', 'username': 'gjoegl'}, {'user_id': '984114855128035328', 'username': 'Baldo20012010'}]",,,,
"1,22444988353848E+018","1,22444988353848E+018",1580766576000,2020-02-03,22:49:36,CET,"1,22286616767887E+018",blacksa46884739,BlackSabbath,,"A quanto pare il Napoli vince senza rigori inventati a favore,i tifosi doriani che inneggiano al Vesuvio,mentre la propria citt√†,Genova appena piove diventa una piscina #SampNapoli",0,[],[],[],0,0,3,['#sampnapoli'],[],https://twitter.com/BlackSa46884739/status/1224449883538477056,False,,0,,,,,,,"[{'user_id': '1222866167678873608', 'username': 'BlackSa46884739'}]",,,,
"1,22444893330217E+018","1,22430293563666E+018",1580766349000,2020-02-03,22:45:49,CET,84718260,the_colonnello,The Colonnello,,Pi√π lo vedo quello episodio e pi√π mi sembra rigore. Che bentancur l‚Äôabbia cercarto con astuzia non ci piove ma la decisione √® indiscutibile. Era in anticipo sul difensore e gli viene sbarrata completamente la strada,0,"['dbd73', 'mattpasquini22', 'super3mp', 'mattinodinapoli', 'massimozampini', 'tiki_taka_real']",[],[],0,0,0,[],[],https://twitter.com/The_Colonnello/status/1224448933302165506,False,,0,,,,,,,"[{'user_id': '84718260', 'username': 'The_Colonnello'}, {'user_id': '705238268', 'username': 'dbd73'}, {'user_id': '926394086122237952', 'username': 'mattpasquini22'}, {'user_id': '2989790139', 'username': 'Super3mp'}, {'user_id': '82886693', 'username': 'mattinodinapoli'}, {'user_id': '413014500', 'username': 'massimozampini'}, {'user_id': '2232838830', 'username': 'Tiki_Taka_real'}]",,,,
"1,22444722908095E+018","1,22444661693481E+018",1580765943000,2020-02-03,22:39:03,CET,2314129356,ruotologiacomo,giacomo,,"E cosa dovremmo dire quando piove forte su Genova, ma non siamo come loro",0,['capitancarla'],[],[],1,1,5,[],[],https://twitter.com/ruotologiacomo/status/1224447229080952832,False,,0,,,,,,,"[{'user_id': '2314129356', 'username': 'ruotologiacomo'}, {'user_id': '417444589', 'username': 'CapitanCarla'}]",,,,
"1,2244458272355E+018","1,2244458272355E+018",1580765608000,2020-02-03,22:33:28,CET,"1,05706673133471E+018",ana_piovezana_,Piove,,"Hoje q eu fui no mercado dps do tecido TOTALMENTE desarrumada, encontrei umas 10 pessoas  quest√£o de 30 min",0,[],[],[],1,0,4,[],[],https://twitter.com/Ana_Piovezana_/status/1224445827235504128,False,,0,,,,,,,"[{'user_id': '1057066731334713344', 'username': 'Ana_Piovezana_'}]",,,,
"1,22444572116155E+018","1,22444572116155E+018",1580765583000,2020-02-03,22:33:03,CET,816120175,fix710,Oscar,,Avete notato a iuston c‚Äô√® sempre il sole poi quando ci sono puntate in cui nozzy si incazza parecchio piove #viteallimite,0,[],[],[],1,0,7,['#viteallimite'],[],https://twitter.com/fix710/status/1224445721161547781,False,,0,,,,,,,"[{'user_id': '816120175', 'username': 'fix710'}]",,,,
"1,22444092292392E+018","1,22442231786809E+018",1580764439000,2020-02-03,22:13:59,CET,"9,00048516713677E+017",luis_zotavio,CaPiM,,Calourada,0,"['joao_watts', 'cauerib', 'la_piove']",[],[],0,0,0,[],[],https://twitter.com/Luis_Zotavio/status/1224440922923921415,False,,0,,,,,,,"[{'user_id': '900048516713676800', 'username': 'Luis_Zotavio'}, {'user_id': '759529094455422976', 'username': 'joao_watts'}, {'user_id': '818218378833825792', 'username': 'cauerib'}, {'user_id': '783025508284063744', 'username': 'la_piove'}]",,,,
"1,22443880628095E+018","1,22443880628095E+018",1580763935000,2020-02-03,22:05:35,CET,"9,81945925265445E+017",marlboroandsex,e.,,sputo sui bambini cechi e dico che piove  https://twitter.com/airgibbo/status/1224429443134955520¬†‚Ä¶,0,[],['https://twitter.com/airgibbo/status/1224429443134955520'],[],0,0,1,[],[],https://twitter.com/marlboroandsex/status/1224438806280953856,False,https://twitter.com/airgibbo/status/1224429443134955520,0,,,,,,,"[{'user_id': '981945925265444866', 'username': 'marlboroandsex'}]",,,,
"1,22443831611781E+018","1,22443831611781E+018",1580763818000,2020-02-03,22:03:38,CET,2587222616,rougeroberta,Roberta*,,"Temo che #LaRussa non abbia capito il problema... l'ironia sul #coronavirus √® puro cattivo gusto, non ci piove, ma √® il saluto romano che √® fuori luogo a prescindere. Oltre ad essere incostituzionale.

(Ma poi chi √® #Alfonso?)  https://twitter.com/Ignazio_LaRussa/status/1224312214406008833¬†‚Ä¶ pic.twitter.com/MHbDwehAlx",0,[],['https://twitter.com/Ignazio_LaRussa/status/1224312214406008833'],['https://pbs.twimg.com/media/EP4UJ09UEAA0hdT.jpg'],0,0,1,"['#larussa', '#coronavirus', '#alfonso']",[],https://twitter.com/RougeRoberta/status/1224438316117811200,False,,0,,,,,,,"[{'user_id': '2587222616', 'username': 'RougeRoberta'}]",,,,
"1,22443739704095E+018","1,22442231786809E+018",1580763599000,2020-02-03,21:59:59,CET,"9,00048516713677E+017",luis_zotavio,CaPiM,,LOGICAMENTE,0,['la_piove'],[],[],0,0,0,[],[],https://twitter.com/Luis_Zotavio/status/1224437397040947200,False,,0,,,,,,,"[{'user_id': '900048516713676800', 'username': 'Luis_Zotavio'}, {'user_id': '783025508284063744', 'username': 'la_piove'}]",,,,
"1,22443585453954E+018","1,22442231786809E+018",1580763231000,2020-02-03,21:53:51,CET,"8,18218378833826E+017",cauerib,cauvs,,HAHAHAHAHAAHAHHAHAHAHAHAHAHA CAPIMMMMM,0,"['luis_zotavio', 'la_piove']",[],[],1,0,2,[],[],https://twitter.com/cauerib/status/1224435854539542534,False,,0,,,,,,,"[{'user_id': '818218378833825792', 'username': 'cauerib'}, {'user_id': '900048516713676800', 'username': 'Luis_Zotavio'}, {'user_id': '783025508284063744', 'username': 'la_piove'}]",,,,
"1,2244339981406E+018","1,2243123766584E+018",1580762788000,2020-02-03,21:46:28,CET,149118512,cerquami,cerquami,,"Ma che strano, sono giorni che non piove ! Fighissima sta foto",0,['lymperatore'],[],[],0,0,0,[],[],https://twitter.com/cerquami/status/1224433998140596231,False,,0,,,,,,,"[{'user_id': '149118512', 'username': 'cerquami'}, {'user_id': '70691549', 'username': 'Lymperatore'}]",,,,
"1,22443382329264E+018","1,22443382329264E+018",1580762747000,2020-02-03,21:45:47,CET,1050141211,mmasneri,maria e otty,,"Ma dai, ma piove sul bagnato! Povera Antonella!!!!!
#GFVIP",0,[],[],[],0,0,2,['#gfvip'],[],https://twitter.com/MMasneri/status/1224433823292637184,False,,0,,,,,,,"[{'user_id': '1050141211', 'username': 'MMasneri'}]",,,,
"1,22443347243914E+018","1,22443347243914E+018",1580762663000,2020-02-03,21:44:23,CET,"1,20446660013036E+018",ugo28298638,Ugo,,"√à febbraio ma c'√® un'arietta primaverile, le zanzare, i mandorli in fiore con almeno 3 settimane di anticipo e non piove da un mese.
Abbiamo in mano la manopola dell'atmosfera terrestre, stiamo facendo impazzire il clima e le stagioni ricordano un montaggio di Blob.",0,[],[],[],0,0,1,[],[],https://twitter.com/Ugo28298638/status/1224433472439144449,False,,0,,,,,,,"[{'user_id': '1204466600130359303', 'username': 'Ugo28298638'}]",,,,
"1,22442814159629E+018","1,22442814159629E+018",1580761392000,2020-02-03,21:23:12,CET,3514501156,nicola_2020,Nicola N.,,"Se domani piove √® colpa di quanto sono stonati!

 #gfvip4 #gfvip2020 #GFVIP",0,[],[],[],0,0,5,"['#gfvip4', '#gfvip2020', '#gfvip']",[],https://twitter.com/nicola_2020/status/1224428141596291073,False,,0,,,,,,,"[{'user_id': '3514501156', 'username': 'nicola_2020'}]",,,,
"1,22442804613813E+018","1,22442804613813E+018",1580761369000,2020-02-03,21:22:49,CET,793582200,andthebad,The Bad,,"‚ÄúSe per due mesi racconti che chi tira lo sciacquone muore, non puoi stupirti se piove merda dalle finestre.‚Äù  https://twitter.com/niebbo/status/1224339876604186631¬†‚Ä¶",0,[],['https://twitter.com/niebbo/status/1224339876604186631'],[],0,0,0,[],[],https://twitter.com/AndTheBad/status/1224428046138126336,False,https://twitter.com/Niebbo/status/1224339876604186631,0,,,,,,,"[{'user_id': '793582200', 'username': 'AndTheBad'}]",,,,
"1,22442523765318E+018","1,22440890606524E+018",1580760700000,2020-02-03,21:11:40,CET,"7,94639360469692E+017",smemorina57,‚ùÑüçÄüêû,,"Bone le zeppole üòâ. ..vero siamo alla fine. Vedremo domenica se non piove come saremo in piazza.  Se sar√† un bell'effetto ...speriamo di si . 
Buona serata di relax üòò",0,['feffer_one'],[],[],0,0,0,[],[],https://twitter.com/smemorina57/status/1224425237653180422,False,,0,,,,,,,"[{'user_id': '794639360469692416', 'username': 'smemorina57'}, {'user_id': '2617525744', 'username': 'Feffer_One'}]",,,,
"1,22442039713691E+018","1,22442039713691E+018",1580759545000,2020-02-03,20:52:25,CET,2335579765,turied99,Salvatore Talarico ‚Ü¨,,Poi piove... Leommaso ma pure il cane bastonato fai? Ridicolo #upas,0,[],[],[],0,0,8,['#upas'],[],https://twitter.com/turied99/status/1224420397136908290,False,,0,,,,,,,"[{'user_id': '2335579765', 'username': 'turied99'}]",,,,
"1,2244169685492E+018","1,22441153154855E+018",1580758728000,2020-02-03,20:38:48,CET,1630393692,sergiodis63,Sergio di Sanno,,"A proposito...sono mesi che piove sui tornelli ad Eur Fermi, direzione Laurentina. Ne sapete qualcosa?",0,"['franz6081', 'mercuriopsi', 'iltrenoromalido', 'tplroma', 'stregatto____']",[],[],1,1,1,[],[],https://twitter.com/sergiodis63/status/1224416968549203968,False,,0,,,,,,,"[{'user_id': '1630393692', 'username': 'sergiodis63'}, {'user_id': '2717677556', 'username': 'Franz6081'}, {'user_id': '565784508', 'username': 'MercurioPsi'}, {'user_id': '394241598', 'username': 'iltrenoromalido'}, {'user_id': '780783027169300480', 'username': 'TplRoma'}, {'user_id': '1455027985', 'username': 'stregatto____'}]",,,,
"1,22441536061255E+018","1,22438541862966E+018",1580758345000,2020-02-03,20:32:25,CET,"9,4858101657009E+017",tiziachescrive,Una tizia che scrive,,"1 ma che film ti fai
2 freddo d'inverno e caldo d'estate, minchia che strano 
3 mai messo un paio di guanti in 6 anni che sono qua, tanto si gela
4 c'era il sole pure oggi. E ieri. E sabato. E venerd√¨. Non piove da non so pi√π quanto.
5 hai vissuto a Milano come io ad Atlantide",0,"['sonoioanchequi', 'stefanomarw']",[],[],2,0,0,[],[],https://twitter.com/Tiziachescrive/status/1224415360612552705,False,,0,,,,,,,"[{'user_id': '948581016570089472', 'username': 'Tiziachescrive'}, {'user_id': '975317561742110721', 'username': 'sonoioanchequi'}, {'user_id': '385831775', 'username': 'StefanoMarw'}]",,,,
"1,2244088455666E+018","1,2244088455666E+018",1580756791000,2020-02-03,20:06:31,CET,"1,07405088283105E+018",gaiastam_,gaiastam_,,"""Via via
vieni via con me
entra in questo amore buio
pieno di uomini
via
entra e fatti un bagno caldo
c'√® un accappatoio azzurro
fuori piove un mondo freddo
it's wonderful
it's wonderful
it's wonderful
Good luck my baby""",0,[],[],[],0,0,8,[],[],https://twitter.com/gaiastam_/status/1224408845566595074,False,,0,,,,,,,"[{'user_id': '1074050882831048704', 'username': 'gaiastam_'}]",,,,
"1,22440597183498E+018","1,22440597183498E+018",1580756106000,2020-02-03,19:55:06,CET,3371001149,paolosantagata5,Paolo,,"L√† dove sei
lo senti il nostro treno?
√à passato.
Ho comprato le arance.
Piove

Yiannis Ritsos 

#VivoLaPoesia #CasaLettori
@CasaLettori #3febbraio pic.twitter.com/EH5AyK8K6w",0,['casalettori'],[],['https://pbs.twimg.com/media/EP32vPcXUAEXPo5.jpg'],0,3,7,"['#vivolapoesia', '#casalettori', '#3febbraio']",[],https://twitter.com/Paolosantagata5/status/1224405971834982407,False,,0,,,,,,,"[{'user_id': '3371001149', 'username': 'Paolosantagata5'}, {'user_id': '2331802006', 'username': 'CasaLettori'}]",,,,
"1,22440188612151E+018","1,22440184826794E+018",1580755132000,2020-02-03,19:38:52,CET,"1,12401578252924E+018",krek_x,üíêüé∂üßò‚Äç‚ôÄÔ∏èüé∂üíê,,"Sanremo 1959
Canzone vincitrice: Piove (ciao ciao bambina) - Domenico Modugno e Johnny Dorelli  https://www.youtube.com/playlist?list=OLAK5uy_ltmEdXVKGHNZ-khLbLMUNHB0kcG551fM8¬†‚Ä¶",0,[],['https://www.youtube.com/playlist?list=OLAK5uy_ltmEdXVKGHNZ-khLbLMUNHB0kcG551fM8'],[],1,0,0,[],[],https://twitter.com/krek_x/status/1224401886121512960,False,,0,,,,,,,"[{'user_id': '1124015782529241089', 'username': 'krek_x'}]",,,,
"1,22440016859175E+018","1,22436179286189E+018",1580754723000,2020-02-03,19:32:03,CET,2540910636,andreagnarluz,Andrea‚ôì,,Pellagra o lordura (si lava solo quando piove)üòÇ,0,['pcapitano2'],[],[],0,0,0,[],[],https://twitter.com/AndreaGnarluz/status/1224400168591745027,False,,0,,,,,,,"[{'user_id': '2540910636', 'username': 'AndreaGnarluz'}, {'user_id': '1180624015632850944', 'username': 'PCapitano2'}]",,,,
"1,22439958226999E+018","1,22402753074056E+018",1580754583000,2020-02-03,19:29:43,CET,"7,29329802256208E+017",ineed_harryshug,Serena! üçë // fan account.,,"io farei una distinzione tra sanit√† e ricerca o ancora medici specializzati.
√à la sanit√† a fare schifo perch√© mancano i fondi e io ne sto risentendo molto di questa cosa
Che l'Italia sia costituita da ricercatori e ricercatrici o medici di altissimo livello su questo non ci piove",0,['ar21ooo'],[],[],0,0,0,[],[],https://twitter.com/Ineed_harryshug/status/1224399582269988865,False,,0,,,,,,,"[{'user_id': '729329802256207872', 'username': 'Ineed_harryshug'}, {'user_id': '1147186120733667335', 'username': 'aR21ooo'}]",,,,
"1,22439414767258E+018","1,22422758532596E+018",1580753287000,2020-02-03,19:08:07,CET,1477204460,sunkencondos,Marta Giuliani,,"Sicuramente l'esposizione mediatica della #Juventus √® maggiore a qualsiasi altro club italiano, su questo non ci piove. Ma io non incolpo la Juventus, ritengo che ci sia una sudditanza psicologica a ""scalare"": Juventus, Inter, Lazio, e cos√¨ via. Dipende dall'avversario se piccolo",0,"['fabio_marsico', 'lgramellini']",[],[],1,0,0,['#juventus'],[],https://twitter.com/sunkencondos/status/1224394147672576002,False,,0,,,,,,,"[{'user_id': '1477204460', 'username': 'sunkencondos'}, {'user_id': '2306173940', 'username': 'Fabio_Marsico'}, {'user_id': '768262862', 'username': 'LGramellini'}]",,,,
"1,22438944227586E+018","1,22438944227586E+018",1580752165000,2020-02-03,18:49:25,CET,463965361,ondaradiogargan,Ondaradio Gargano,,"Gargano, caldo anomalo e non piove. Oggi a Vieste 21 gradi. Un po di freddo mercoled√¨ e poi alta pressione per tutto il mese  https://ift.tt/37W5kMy¬†",0,[],['https://ift.tt/37W5kMy'],[],0,0,0,[],[],https://twitter.com/OndaradioGargan/status/1224389442275856389,False,,0,,,,,,,"[{'user_id': '463965361', 'username': 'OndaradioGargan'}]",,,,
"1,22438559757551E+018","1,22438559757551E+018",1580751249000,2020-02-03,18:34:09,CET,"8,41639484504568E+017",haccakappa1,HaccaKappa,,"Se una persona dice che piove e un'altra dice che c'√® il sole, il compito del giornalista non √® registrare le dichiarazioni, ma guardare fuori dalla finestra e scoprire che tempo fa.",0,[],[],[],0,0,0,[],[],https://twitter.com/haccakappa1/status/1224385597575507976,False,,0,,,,,,,"[{'user_id': '841639484504567808', 'username': 'haccakappa1'}]",,,,
"1,22438375482476E+018","1,22425326664677E+018",1580750809000,2020-02-03,18:26:49,CET,1205902615,76erspride,SixersPrideNation Italia,,"Al momento uno come Butler sta mancando, e su questo non ci piove. Ma resta il fatto che a me Jo e Ben insieme a tratti non mi convincono pi√π. Ho come l'impressione che non ci sia sintonia, che si pestino i piedi nei movimenti e negli spazi.",0,['theanswer__'],[],[],0,0,0,[],[],https://twitter.com/76ersPride/status/1224383754824757249,False,,0,,,,,,,"[{'user_id': '1205902615', 'username': '76ersPride'}, {'user_id': '1535195048', 'username': 'theanswer__'}]",,,,
"1,22437266042097E+018","1,22357016593947E+018",1580748164000,2020-02-03,17:42:44,CET,"1,21355948019918E+018",massolid1,M.A.S. Solid‚Ñ¢,,"Poi che il nazismo sia un ideologia non ci piove, come non ci piove che siano stati i ""tedeschi"" a metterla in pratica. Quindi si pu√≤ tranquillamente dire i TEDESCHI nella seconda guerra mondiale hanno commesso cose abominevoli.",0,"['sir_bianchi', 'cris_cersei', 'scenarieconomic', 'alfonsoliguor11', '2631925']",[],[],1,0,0,[],[],https://twitter.com/MASSolid1/status/1224372660420972544,False,,0,,,,,,,"[{'user_id': '1213559480199180288', 'username': 'MASSolid1'}, {'user_id': '306805607', 'username': 'Sir_Bianchi'}, {'user_id': '2753154182', 'username': 'cris_cersei'}, {'user_id': '454365633', 'username': 'scenarieconomic'}, {'user_id': '1061995816708124673', 'username': 'alfonsoliguor11'}, {'user_id': '1683545012', 'username': '2631925'}]",,,,
"1,22437141277481E+018","1,22433771768692E+018",1580747867000,2020-02-03,17:37:47,CET,2529482186,alesco75,alesco75,,"Romanista, non ce piove.",0,"['max_883', 'krudotwit', 'andreasslazio82', 'insiderlazio']",[],[],0,0,0,[],[],https://twitter.com/alesco75/status/1224371412774813696,False,,0,,,,,,,"[{'user_id': '2529482186', 'username': 'alesco75'}, {'user_id': '364492636', 'username': 'Max_883'}, {'user_id': '745580979457298432', 'username': 'krudotwit'}, {'user_id': '979346189547114496', 'username': 'AndreaSSlazio82'}, {'user_id': '1145818921456537600', 'username': 'InsiderLazio'}]",,,,
"1,224361052089E+018","1,22428818029332E+018",1580745397000,2020-02-03,16:56:37,CET,3720674655,nikiio21,Nico,,"Infatti, avrebbero perso 2-0... comunque che succede? Gia si √® annuvolato a Roma....mo‚Äô piove !!! üòÄüòÉüòÑ",0,['officialmaz'],[],[],0,0,2,[],[],https://twitter.com/NikiIo21/status/1224361052088995840,False,,0,,,,,,,"[{'user_id': '3720674655', 'username': 'NikiIo21'}, {'user_id': '1343834791', 'username': 'officialmaz'}]",,,,
"1,22436001800439E+018","1,22436001800439E+018",1580745150000,2020-02-03,16:52:30,CET,"1,07191128543504E+018",poerabischera,Poera bischera,,"Io: uffa sono grassa e sfatta

Sempre io: schiacciata mortadella stracciatella, biscotto con la Nutella, mi fa fatica fare gli esercizi, li far√≤ domani, piove vado in macchina anche se √® vicino",0,[],[],[],0,0,7,[],[],https://twitter.com/poerabischera/status/1224360018004389888,False,,0,,,,,,,"[{'user_id': '1071911285435043840', 'username': 'poerabischera'}]",,,,
"1,22435764337821E+018","1,22433325893628E+018",1580744584000,2020-02-03,16:43:04,CET,"1,02037254640183E+018",winstonwilson39,Win_Wilson,,"Su questo non ci piove hai ragione, l‚Äôessere palesemente pi√π forti non significa che possano vincere in qualsiasi modo.
Perch√© le partite di calcio non vanno sempre a favore della squadra pi√π forte, ci sono situazioni, fortuna, tattica e tante altre variabili; questo √® il calcio.",0,['teo__visma'],[],[],0,0,0,[],[],https://twitter.com/WinstonWilson39/status/1224357643378208768,False,,0,,,,,,,"[{'user_id': '1020372546401832967', 'username': 'WinstonWilson39'}, {'user_id': '2177323227', 'username': 'Teo__Visma'}]",,,,
"1,22435456961186E+018","1,22435456961186E+018",1580743851000,2020-02-03,16:30:51,CET,"1,2184535083888E+018",furiaceca5,Davideüò°,,"PERDERE NN √à MAI BELLO SU QUESTO NN CI PIOVE ,MA FARE SCENEGGIATE SOLO PERCH√â HAI ASPETTATO DI VENIRE A TORINO (Juventus) NN MI SEMBRA UNA MOSSA INTELLIGENTE SPECIE QUANDO CI SONO STATI ALTRI EPISODI DOVE POTEVI LAMENTARTI ,MA NN L'HAI FATTO(Genoa,Napoli,Inter)!!",0,[],[],[],1,1,14,[],[],https://twitter.com/Furiaceca5/status/1224354569611857920,False,,0,,,,,,,"[{'user_id': '1218453508388802560', 'username': 'Furiaceca5'}]",,,,
"1,22471756896084E+018","1,2247092184958E+018",1580830397000,2020-02-04,16:33:17,CET,540833696,_deliranza_,Marco üéß,,Ora piove a dirotto per la gioia di yuki che non pu√≤ andare al parco,1,[],[],[],0,0,0,[],[],https://twitter.com/_Deliranza_/status/1224717568960843777,False,,0,,,,,,,"[{'user_id': '540833696', 'username': '_Deliranza_'}]",,,,
"1,22471588004875E+018","1,22471588004875E+018",1580829994000,2020-02-04,16:26:34,CET,86741673,martibarakat,martina paranoica,,"Arriva una mattina in cui mi sveglio e dico ‚Äúma dai oggi non c‚Äô√® male, che bello respirare‚Äù dopo qualche ora la vagonata di merda che mi piove addosso √® se possibile triplicata. Risultato: dopo una bella mattina, sono a letto al buio con le coperte sopra la testa.",1,[],[],[],0,0,0,[],[],https://twitter.com/martibarakat/status/1224715880048754689,False,,0,,,,,,,"[{'user_id': '86741673', 'username': 'martibarakat'}]",,,,
"1,22470860129146E+018","1,22470860129146E+018",1580828259000,2020-02-04,15:57:39,CET,"1,00587132968865E+018",pinabarrow,mbap pina,,"Stasera volevo vedere Jojo in lingua og ü•∫ ma il tempo √® orribile, fa vento, piove, bruttissimo üò≠ Devo decidere se andarci lo stesso o restare a casa e guardare comunque Sanremo. Propendo per la seconda anche se mi dispiace tantissimo perch√© vederlo al cinema √® un'altra cosa",1,[],[],[],0,0,0,[],[],https://twitter.com/pinabarrow/status/1224708601291464704,False,,0,,,,,,,"[{'user_id': '1005871329688653824', 'username': 'pinabarrow'}]",,,,
"1,22470638172862E+018","1,22470638172862E+018",1580827730000,2020-02-04,15:48:50,CET,"1,0417247593383E+018",upschool50,Upschoolvialetrento,,Perch√® piove cos√¨ tanto a¬†Londra?  https://newkidsontheblogweb.wordpress.com/2020/02/04/perche-piove-cosi-tanto-a-londra/¬†‚Ä¶ pic.twitter.com/Tu7S53C9ty,1,[],['https://newkidsontheblogweb.wordpress.com/2020/02/04/perche-piove-cosi-tanto-a-londra/'],['https://pbs.twimg.com/media/EP8H9rKXkAw6gku.jpg'],0,0,1,[],[],https://twitter.com/Upschool50/status/1224706381728624641,False,,0,,,,,,,"[{'user_id': '1041724759338303488', 'username': 'Upschool50'}]",,,,
"1,22470306579581E+018","1,22449806673818E+018",1580826939000,2020-02-04,15:35:39,CET,2295485079,ninobuenaventur,Nino Buenaventura,,"Piove molto e non posso uscire, sono in vacanza, non ho nulla da fare.",1,['chrispeverieri'],[],[],1,0,1,[],[],https://twitter.com/Ninobuenaventur/status/1224703065795809285,False,,0,,,,,,,"[{'user_id': '2295485079', 'username': 'Ninobuenaventur'}, {'user_id': '440932233', 'username': 'ChrisPeverieri'}]",,,,
"1,22468822935129E+018","1,22468822935129E+018",1580823402000,2020-02-04,14:36:42,CET,503281260,tifoblogit,Tifoblog,,"Piove, senti come piove
madonna come piove,
Mazzarri non allena pi√π
uuuh ‚ô´ 
@OpenGDB
#Torino #4febbraio #Longo pic.twitter.com/sk8NwjDZPi",1,['opengdb'],[],['https://pbs.twimg.com/media/EP73c9eWkAAyQv-.jpg'],0,1,2,"['#torino', '#4febbraio', '#longo']",[],https://twitter.com/tifoblogIT/status/1224688229351292931,False,,0,,,,,,,"[{'user_id': '503281260', 'username': 'tifoblogIT'}, {'user_id': '746108643792257025', 'username': 'OpenGDB'}]",,,,
"1,22468800069473E+018","1,22468800069473E+018",1580823347000,2020-02-04,14:35:47,CET,"7,46108643792257E+017",opengdb,Giuseppe Di Bella,,"Piove, senti come piove
madonna come piove,
Mazzarri non allena pi√π
uuuh ‚ô´ 

#Torino #4febbraio #Longo pic.twitter.com/Lneh3QpSbr",1,[],[],['https://pbs.twimg.com/media/EP73PeVWAAEEWX1.jpg'],0,0,1,"['#torino', '#4febbraio', '#longo']",[],https://twitter.com/OpenGDB/status/1224688000694726658,False,,0,,,,,,,"[{'user_id': '746108643792257025', 'username': 'OpenGDB'}]",,,,
"1,22468766417313E+018","1,22466563316356E+018",1580823267000,2020-02-04,14:34:27,CET,"7,46108643792257E+017",opengdb,Giuseppe Di Bella,,"Piove, senti come piove
madonna come piove,
Mazzarri non allena pi√π
uuuh ‚ô´",1,['delinquentweet'],[],[],0,0,1,[],[],https://twitter.com/OpenGDB/status/1224687664173125632,False,,0,,,,,,,"[{'user_id': '746108643792257025', 'username': 'OpenGDB'}, {'user_id': '2445821246', 'username': 'delinquentweet'}]",,,,
"1,22468513533491E+018","1,22467634085251E+018",1580822664000,2020-02-04,14:24:24,CET,"8,48858286766125E+017",in_borderline,Alice In Borderline,,Una tamponatina per ricordarmi che quando piove non devo stare sulle rotaie.,1,['shawnclown'],[],[],1,0,0,[],[],https://twitter.com/in_borderline/status/1224685135334912000,False,,0,,,,,,,"[{'user_id': '848858286766125057', 'username': 'in_borderline'}, {'user_id': '343452108', 'username': 'shawnclown'}]",,,,
"1,22468145623405E+018","1,22468036791697E+018",1580821787000,2020-02-04,14:09:47,CET,"7,85042073724617E+017",girl_in_luv_089,ÌîÑÎûÄÏ≤¥Ïä§Ïπ¥ üáÆüáπüíúüá∞üá∑ MOTS: 7,,Come da me che ci sono dei nuvoloni ma non piove üòÇ,1,['taemysoul__'],[],[],1,0,1,[],[],https://twitter.com/Girl_in_Luv_089/status/1224681456234045440,False,,0,,,,,,,"[{'user_id': '785042073724616705', 'username': 'Girl_in_Luv_089'}, {'user_id': '1162411132130402305', 'username': 'taemysoul__'}]",,,,
"1,22468122920902E+018","1,22467797325884E+018",1580821733000,2020-02-04,14:08:53,CET,"9,71335521950724E+017",barbaro_simone,Simone Barbaro,,"Minchia il cappotto, 'sto anno comunque non piove mai  pic.twitter.com/GqWOmnceL6",1,['martalaffi'],[],[],0,0,0,[],[],https://twitter.com/barbaro_simone/status/1224681229209022469,False,,1,,,,,,,"[{'user_id': '971335521950724097', 'username': 'barbaro_simone'}, {'user_id': '938523752689819648', 'username': 'martalaffi'}]",,,,
"1,22468036791697E+018","1,22468036791697E+018",1580821527000,2020-02-04,14:05:27,CET,"1,1624111321304E+018",taemysoul__,TAETEA,,"NOCCAPITO PERCH√â PIOVE COL SOLE MA OK, CHE POI NON SO DA DOVE ARRIVA L‚ÄôACQUA PERCH√â LE NUVOLE NON CI SONO MA LOL",1,[],[],[],1,0,2,[],[],https://twitter.com/taemysoul__/status/1224680367916974080,False,,0,,,,,,,"[{'user_id': '1162411132130402305', 'username': 'taemysoul__'}]",,,,
"1,22467957503424E+018","1,22467957503424E+018",1580821338000,2020-02-04,14:02:18,CET,36441166,nonfraledonne,Benedetta,,Piove a goccioloni grossi col sole pieno e la macchina segna 20 gradi e Greta insomma misa che ha ragione,1,[],[],[],0,0,5,[],[],https://twitter.com/nonfraledonne/status/1224679575034236930,False,,0,,,,,,,"[{'user_id': '36441166', 'username': 'nonfraledonne'}]",,,,
"1,22467464021746E+018","1,22466849607795E+018",1580820162000,2020-02-04,13:42:42,CET,"1,19611034897105E+018",wyattdambray,WW,,"fuori piove dentro pure, passi a prendermi..?",1,['yanivgdr'],[],[],0,0,0,[],[],https://twitter.com/wyattdambray/status/1224674640217460736,False,,0,,,,,,,"[{'user_id': '1196110348971053058', 'username': 'wyattdambray'}, {'user_id': '808980683922243584', 'username': 'yanivgdr'}]",,,,
"1,22467454045178E+018","1,22467414140562E+018",1580820138000,2020-02-04,13:42:18,CET,"9,74274879708193E+017",gattusismo__,.,,In Scozia piove troppo spesso per andare in giro con gli occhiali da sole,1,['clalicalzi'],[],[],0,0,1,[],[],https://twitter.com/gattusismo__/status/1224674540451782656,False,,0,,,,,,,"[{'user_id': '974274879708192768', 'username': 'gattusismo__'}, {'user_id': '1212612118198898689', 'username': 'clalicalzi'}]",,,,
"1,2246733379825E+018","1,22466106023547E+018",1580819851000,2020-02-04,13:37:31,CET,"8,44998265049432E+017",barbymontagna,Barbara,,"Al centro piove, ha piovuto e piover√† üòÖ",1,['massipetrone75'],[],[],0,0,0,[],[],https://twitter.com/Barbymontagna/status/1224673337982496768,False,,0,,,,,,,"[{'user_id': '844998265049432064', 'username': 'Barbymontagna'}, {'user_id': '3304165457', 'username': 'massipetrone75'}]",,,,
"1,22466594986704E+018","1,22466563316356E+018",1580818090000,2020-02-04,13:08:10,CET,912928508,10382238,Moni,,"Proprio oggi che ""non piove""....",1,['delinquentweet'],[],[],0,0,3,[],[],https://twitter.com/10382238/status/1224665949867036678,False,,0,,,,,,,"[{'user_id': '912928508', 'username': '10382238'}, {'user_id': '2445821246', 'username': 'delinquentweet'}]",,,,
"1,22465799299128E+018","1,22463621481431E+018",1580816193000,2020-02-04,12:36:33,CET,"1,01017744408563E+018",giorgio42721179,giorgio,,"Guarda anche a me, specialmente quando piove....un incubo",1,['alessia22894'],[],[],1,0,1,[],[],https://twitter.com/giorgio42721179/status/1224657992991281154,False,,0,,,,,,,"[{'user_id': '1010177444085628929', 'username': 'giorgio42721179'}, {'user_id': '3399083819', 'username': 'Alessia22894'}]",,,,
"1,22465739767264E+018","1,22465739767264E+018",1580816051000,2020-02-04,12:34:11,CET,1265341932,gonchi_07,Fulane,,Piove,1,[],[],[],0,0,0,[],[],https://twitter.com/Gonchi_07/status/1224657397672640512,False,,0,,,,,,,"[{'user_id': '1265341932', 'username': 'Gonchi_07'}]",,,,
"1,22465655114484E+018","1,22465655114484E+018",1580815849000,2020-02-04,12:30:49,CET,"9,96681805230158E+017",prdsd4na,ùíáùíçùíÜùíÇùíÉùíÇùíà. ü•¢ [s/h üìö],,Ho lasciato l‚Äôombrello stamattina perch√© c‚Äôera il sole e ora c‚Äô√® un tempo di merda se piove mi butto,1,[],[],[],0,0,0,[],[],https://twitter.com/prdsd4na/status/1224656551144837121,False,,0,,,,,,,"[{'user_id': '996681805230157826', 'username': 'prdsd4na'}]",,,,
"1,22465194459107E+018","1,22465194459107E+018",1580814751000,2020-02-04,12:12:31,CET,"1,12072246254159E+018",serenass6,Nena_,,Quando ci sei tu c'√® il sole anche se piove,1,[],[],[],0,0,0,[],[],https://twitter.com/Serenass6/status/1224651944591069184,False,,0,,,,,,,"[{'user_id': '1120722462541586433', 'username': 'Serenass6'}]",,,,
"1,22464962522905E+018","1,22464962522905E+018",1580814198000,2020-02-04,12:03:18,CET,289968649,retokromer,‚††‚†ó‚†ë‚†û‚†ï ‚††‚†Ö‚†ó‚†ï‚†ç‚†ë‚†ó,,"Nevica, su questo non ci piove.",1,[],[],[],0,0,0,[],[],https://twitter.com/RetoKromer/status/1224649625229053953,False,,0,,,,,,,"[{'user_id': '289968649', 'username': 'RetoKromer'}]",,,,
"1,22464584956686E+018","1,22464584956686E+018",1580813298000,2020-02-04,11:48:18,CET,"1,0151319365059E+018",giushoeppe,giuss,,"ogni santa volta che piove si rompe il coso del wi-fi NON NE POSSO PI√ô, ora chiss√† per quanto star√≤ senza",1,[],[],[],0,0,1,[],[],https://twitter.com/giushoeppe/status/1224645849566863360,False,,0,,,,,,,"[{'user_id': '1015131936505901056', 'username': 'giushoeppe'}]",,,,
"1,22464276532739E+018","1,22464276532739E+018",1580812562000,2020-02-04,11:36:02,CET,"7,02063431768273E+017",meteononnaroma,Meteo Nonna Roma,,"Me d√≤leno le ginocchia, a nonna! Se sta pe' annuvol√†! Nun piove ancora, ma portate l'ombrello che nun se sa mai, a nonna! #meteo #roma",1,[],[],[],0,0,0,"['#meteo', '#roma']",[],https://twitter.com/MeteoNonnaRoma/status/1224642765327388672,False,,0,,,,,,,"[{'user_id': '702063431768272896', 'username': 'MeteoNonnaRoma'}]",,,,
"1,22463940008633E+018","1,22463940008633E+018",1580811760000,2020-02-04,11:22:40,CET,488730592,yung_zorro,ü¶á,,"Colazione acqua e cereali. Fuori piove, devo fare la spesa",1,[],[],[],0,0,1,[],[],https://twitter.com/yung_zorro/status/1224639400086327296,False,,0,,,,,,,"[{'user_id': '488730592', 'username': 'yung_zorro'}]",,,,
"1,22463671684745E+018","1,22463671684745E+018",1580811120000,2020-02-04,11:12:00,CET,123198123,aleborella,Alessandro Borella,,Avere la lavastoviglie rotta e aspettare pi√π di 2 settimane il tecnico che non pu√≤ venire ‚Äúperch√© piove‚Äù #vivereavalencia,1,[],[],[],0,0,0,['#vivereavalencia'],[],https://twitter.com/AleBorella/status/1224636716847452160,False,,0,,,,,,,"[{'user_id': '123198123', 'username': 'AleBorella'}]",,,,
"1,22462799387365E+018","1,22462799387365E+018",1580809040000,2020-02-04,10:37:20,CET,1444287518,21trenchx,Martina ||-//,,Piove che dio la manda e il cielo √© talmente scuro che sembra sera,1,[],[],[],0,0,0,[],[],https://twitter.com/21trenchx/status/1224627993873653763,False,,0,,,,,,,"[{'user_id': '1444287518', 'username': '21trenchx'}]",,,,
"1,22462744417656E+018","1,22462744417656E+018",1580808909000,2020-02-04,10:35:09,CET,"1,1971115310514E+018",luisa22489292,Luisa,,"E che se fuori piove 
io dentro nevico !  pic.twitter.com/itgUpfKBxk",1,[],[],[],0,0,3,[],[],https://twitter.com/Luisa22489292/status/1224627444176564226,False,,1,,,,,,,"[{'user_id': '1197111531051397120', 'username': 'Luisa22489292'}]",,,,
"1,22462627310173E+018","1,22462627310173E+018",1580808630000,2020-02-04,10:30:30,CET,2648523482,awesimo8,Simone SSL,,I giorni in cui piove e c'√® allenamento sono i pi√π belli solo per poter fare queste cose...  https://twitter.com/TrollFootball/status/1224380709709631499¬†‚Ä¶,1,[],['https://twitter.com/TrollFootball/status/1224380709709631499'],[],0,0,0,[],[],https://twitter.com/AweSimo8/status/1224626273101733888,False,https://twitter.com/TrollFootball/status/1224380709709631499,0,,,,,,,"[{'user_id': '2648523482', 'username': 'AweSimo8'}]",,,,
"1,22462476605061E+018","1,22462476605061E+018",1580808271000,2020-02-04,10:24:31,CET,365374808,manuelholmes_,M@nu L‚Ñ¢,,Ogni volta che devo andare in palestra... PIOVE  pic.twitter.com/ofzj5OyAkr,1,[],[],[],0,0,0,[],[],https://twitter.com/ManuelHolmes_/status/1224624766050611200,False,,1,,,,,,,"[{'user_id': '365374808', 'username': 'ManuelHolmes_'}]",,,,
"1,22461922488842E+018","1,22461922488842E+018",1580806950000,2020-02-04,10:02:30,CET,2372029642,saeonium,Sara‚ñΩ,,Piove e a me chi me lo fa fare di alzarmi dal letto.,1,[],[],[],0,0,1,[],[],https://twitter.com/sAEONIUM/status/1224619224888418305,False,,0,,,,,,,"[{'user_id': '2372029642', 'username': 'sAEONIUM'}]",,,,
"1,22461724643523E+018","1,22461724643523E+018",1580806478000,2020-02-04,09:54:38,CET,"1,14686857266645E+018",asqueerasfolk,mikrokosmos ‚Å∑ üåô,,"alle due ho un esame, a mezzogiorno devo scendere e sto ancora nel letto a vedere la casa de papel.
+ c‚Äô√® un tempo orribile e piove e io non ce la faccio sinceramente",1,[],[],[],0,0,1,[],[],https://twitter.com/asqueerasfolk/status/1224617246435225601,False,,0,,,,,,,"[{'user_id': '1146868572666454017', 'username': 'asqueerasfolk'}]",,,,
"1,22459554950615E+018","1,22459229116113E+018",1580801305000,2020-02-04,08:28:25,CET,354806697,borntorun969,BornToRun969¬ÆÔ∏è‚Ñ¢Ô∏èüáµüá∑,,Piove! üòÇüòÇüòÇüòÇ,1,"['emilianoavanti', 'bonagjergji1', 'elisabettapic13', 'naebotherpal', '_dajedepunta_', '16_10asr', 'stokaziomax68', 'andresgonzalezr', 'roberti01918030', 'leleroma1976', 'daje77', 'fabio864647411', 'arcorasrl']",[],[],0,0,6,[],[],https://twitter.com/BornToRun969/status/1224595549506146304,False,,0,,,,,,,"[{'user_id': '354806697', 'username': 'BornToRun969'}, {'user_id': '396537673', 'username': 'emilianoavanti'}, {'user_id': '588324672', 'username': 'bonagjergji1'}, {'user_id': '1054684668833005569', 'username': 'ElisabettaPic13'}, {'user_id': '826070351897571328', 'username': 'NaebotherPal'}, {'user_id': '1691875730', 'username': '_dajedepunta_'}, {'user_id': '2534018897', 'username': '16_10asr'}, {'user_id': '848653951067181056', 'username': 'stokaziomax68'}, {'user_id': '31229002', 'username': 'AndresGonzalezR'}, {'user_id': '1115013178293915648', 'username': 'roberti01918030'}, {'user_id': '1013535530', 'username': 'LeleRoma1976'}, {'user_id': '1154728971482869771', 'username': 'Daje77'}, {'user_id': '1179504765434236934', 'username': 'Fabio864647411'}, {'user_id': '2861117211', 'username': 'ArcoraSrl'}]",,,,
"1,22459172273229E+018","1,22459172273229E+018",1580800393000,2020-02-04,08:13:13,CET,156191801,latomietto,Federica Tomietto,,"#piove... mi sembra giusto, oggi inizia #Sanremo70 #Sanremo2020",1,[],[],[],0,0,0,"['#piove', '#sanremo70', '#sanremo2020']",[],https://twitter.com/LaTomietto/status/1224591722732294144,False,,0,,,,,,,"[{'user_id': '156191801', 'username': 'LaTomietto'}]",,,,
"1,22457929306753E+018","1,22457929306753E+018",1580797429000,2020-02-04,07:23:49,CET,"1,06172573397699E+018",katbeverlygdr_,katelyn.,,comunque raga non √® possibile che fino a ieri c'era il sole e oggi CHE FINALMENTE ESCO DI CASA PIOVE PORCA MERDA,1,[],[],[],0,0,0,[],[],https://twitter.com/katbeverlygdr_/status/1224579293067534336,False,,0,,,,,,,"[{'user_id': '1061725733976989696', 'username': 'katbeverlygdr_'}]",,,,
"1,22457775160627E+018","1,22457536810075E+018",1580797062000,2020-02-04,07:17:42,CET,"1,01633775476931E+018",annaanusiaania,Anna,,"Sono in piedi, volevo andare in bici, ma piove. Grazie mille üíïüòòüòòüòò",1,['angy64646138'],[],[],0,1,1,[],[],https://twitter.com/AnnaAnusiaAnia/status/1224577751606267905,False,,0,,,,,,,"[{'user_id': '1016337754769313792', 'username': 'AnnaAnusiaAnia'}, {'user_id': '1101502502367870976', 'username': 'Angy64646138'}]",,,,
"1,22457501845942E+018","1,22457501845942E+018",1580796410000,2020-02-04,07:06:50,CET,370116566,lukefthaz,ùìãùí∂ùìÅ - l‚ô°ve on tour,,Che due ciglioni oggi che piove,1,[],[],[],0,0,0,[],[],https://twitter.com/lukefthaz/status/1224575018459418625,False,,0,,,,,,,"[{'user_id': '370116566', 'username': 'lukefthaz'}]",,,,
"1,22456868922115E+018","1,22456868922115E+018",1580794901000,2020-02-04,06:41:41,CET,"1,0126510191201E+018",alwaysmesmg,bibüêç,,√® da ieri notte che piove ininterrottamente,1,[],[],[],0,0,0,[],[],https://twitter.com/alwaysmesmg/status/1224568689221152771,False,,0,,,,,,,"[{'user_id': '1012651019120103424', 'username': 'alwaysmesmg'}]",,,,
"1,22448502179023E+018","1,22448203158283E+018",1580774953000,2020-02-04,01:09:13,CET,85621230,carox_84,carox_84,,Stanotte piove! #GFVIP,1,['valeriatripodi3'],[],[],0,0,0,['#gfvip'],[],https://twitter.com/carox_84/status/1224485021790232577,False,,0,,,,,,,"[{'user_id': '85621230', 'username': 'carox_84'}, {'user_id': '1216191672251449344', 'username': 'ValeriaTripodi3'}]",,,,
"1,22448188037396E+018","1,22448188037396E+018",1580774204000,2020-02-04,00:56:44,CET,"7,24189534511088E+017",tizy68b,tizy68b,,S√¨..a Bergamo VERAMENTE piove ü§£üëç  https://twitter.com/stefansia_29/status/1224481655139766280¬†‚Ä¶,1,[],['https://twitter.com/stefansia_29/status/1224481655139766280'],[],0,0,1,[],[],https://twitter.com/tizy68b/status/1224481880373956608,False,https://twitter.com/stefansia_29/status/1224481655139766280,0,,,,,,,"[{'user_id': '724189534511087616', 'username': 'tizy68b'}]",,,,
"1,22448165513977E+018","1,22448165513977E+018",1580774151000,2020-02-04,00:55:51,CET,501989389,stefansia_29,Namastef üïâ,,Mummi non ha nominato Patrick? Ragazzi da voi piove? #gfvip #gfvip4 #gfvip2020,1,[],[],[],1,0,12,"['#gfvip', '#gfvip4', '#gfvip2020']",[],https://twitter.com/stefansia_29/status/1224481655139766280,False,,0,,,,,,,"[{'user_id': '501989389', 'username': 'stefansia_29'}]",,,,
"1,22447554956274E+018","1,22447035805464E+018",1580772695000,2020-02-04,00:31:35,CET,"1,21116245407334E+018",gianni_marca,Qiang ge Âº∑Âì• 2.0üåã,,"Piove, governo ladro!",1,['nikotinaebasta'],[],[],0,0,0,[],[],https://twitter.com/gianni_marca/status/1224475549562740739,False,,0,,,,,,,"[{'user_id': '1211162454073344000', 'username': 'gianni_marca'}, {'user_id': '1969394605', 'username': 'nikotinaebasta'}]",,,,
"1,22446739197701E+018","1,22446739197701E+018",1580770750000,2020-02-03,23:59:10,CET,626096538,gretasenzagarbo,üíõ‚ù§Ô∏è‚úä,,"Il bacio √® un apostrofo rosa fra le parole t'amo. T'amo, pio bove. Piove, governo ladro!",1,[],[],[],1,2,3,[],[],https://twitter.com/GretasenzaGarbo/status/1224467391977009152,False,,0,,,,,,,"[{'user_id': '626096538', 'username': 'GretasenzaGarbo'}]",,,,
"1,22445272172759E+018","1,22445272172759E+018",1580767252000,2020-02-03,23:00:52,CET,"1,22445031053541E+018",jjva1231,JJVA123,,bella giornata piove üåßÔ∏è  pic.twitter.com/IqIIYhmRhz,1,[],[],[],0,0,1,[],[],https://twitter.com/JJVA1231/status/1224452721727590402,False,,1,,,,,,,"[{'user_id': '1224450310535409664', 'username': 'JJVA1231'}]",,,,
"1,22444984002678E+018","1,22440487861057E+018",1580766565000,2020-02-03,22:49:25,CET,"1,21921123337679E+018",antowencz,Antowen,,‚ÄúParcheggio dentro perch√© piove..‚Äù,1,['corriere'],[],[],0,0,2,[],[],https://twitter.com/Antowencz/status/1224449840026775553,False,,0,,,,,,,"[{'user_id': '1219211233376788480', 'username': 'Antowencz'}, {'user_id': '395218906', 'username': 'Corriere'}]",,,,
"1,22444925476198E+018","1,22444824809966E+018",1580766426000,2020-02-03,22:47:06,CET,2268537081,cacacemercury,Emiliano Mercury,,Per√≤ in compenso pepp√¨....quando piove a Genova....,1,['peppeiodice1'],[],[],1,0,0,[],[],https://twitter.com/CacaceMercury/status/1224449254761975811,False,,0,,,,,,,"[{'user_id': '2268537081', 'username': 'CacaceMercury'}, {'user_id': '377429481', 'username': 'peppeiodice1'}]",,,,
"1,22444782567459E+018","1,22444782567459E+018",1580766085000,2020-02-03,22:41:25,CET,146738509,noninfluente,Enrico.,,Domani piove.,1,[],[],[],0,0,0,[],[],https://twitter.com/Noninfluente/status/1224447825674588162,False,,0,,,,,,,"[{'user_id': '146738509', 'username': 'Noninfluente'}]",,,,
"1,22444775259297E+018","1,22439333427124E+018",1580766068000,2020-02-03,22:41:08,CET,"7,07960810274955E+017",emjuve,scireailmiocapitano,,Piove governo ladro.,1,['petit_wendy35'],[],[],0,0,0,[],[],https://twitter.com/emjuve/status/1224447752592969734,False,,0,,,,,,,"[{'user_id': '707960810274955264', 'username': 'emjuve'}, {'user_id': '1093161113104105472', 'username': 'Petit_Wendy35'}]",,,,
"1,22444313417776E+018","1,22444313417776E+018",1580764966000,2020-02-03,22:22:46,CET,"1,12476581169083E+018",ingo_don,Don Ingo,,"150. cumpleanno: Ada Negri¬†(Lodi, 3/2/1870 - Milano, 11/1/1945) 

Piove
Piove da un‚Äôora soltanto,
ma il bimbo pensa che gi√†
piove da tanto, da tanto,
sopra la grande citt√†.
Piove sui tetti e sui muri,
piove sul lungo viale,
piove sugli alberi oscuri
con ritmo triste e ..  pic.twitter.com/XXvKXwOX2i",1,[],[],['https://pbs.twimg.com/media/EP4YiBCUcAA09Ll.jpg'],0,0,0,[],[],https://twitter.com/ingo_don/status/1224443134177755136,False,,0,,,,,,,"[{'user_id': '1124765811690831872', 'username': 'ingo_don'}]",,,,
"1,22444268302585E+018","1,22409157881541E+018",1580764859000,2020-02-03,22:20:59,CET,"1,08200499157184E+018",gnafaccio2,LaGiggiaStanca,,Sembra quasi che piove,1,['roxdcit'],[],[],1,0,1,[],[],https://twitter.com/Gnafaccio2/status/1224442683025846273,False,,0,,,,,,,"[{'user_id': '1082004991571836928', 'username': 'Gnafaccio2'}, {'user_id': '26287595', 'username': 'RoxdcIT'}]",,,,
"1,22443988045064E+018","1,22443988045064E+018",1580764191000,2020-02-03,22:09:51,CET,2335839849,mirianabaci,Miriana Bacinello,,"Se domani piove e quindi non lavoro, mi sparo un paio di film dello Studio Ghibli su #netflix. Grazie ti amo forever. Non osare cancellarli",1,[],[],[],0,0,0,['#netflix'],[],https://twitter.com/mirianabaci/status/1224439880450637825,False,,0,,,,,,,"[{'user_id': '2335839849', 'username': 'mirianabaci'}]",,,,
"1,22443752674144E+018","1,22443752674144E+018",1580763629000,2020-02-03,22:00:29,CET,381957305,vatuttobene_,LauraV.,,"Avrei bisogno di Pago per quando piove, prima di entrare in casa.
#GFVIP",1,[],[],[],0,0,0,['#gfvip'],[],https://twitter.com/Vatuttobene_/status/1224437526741438465,False,,0,,,,,,,"[{'user_id': '381957305', 'username': 'Vatuttobene_'}]",,,,
"1,22441958180616E+018","1,20585523991771E+018",1580759351000,2020-02-03,20:49:11,CET,148402878,rodolfobrutti,G. Rodolfo Brutti,,"Piove, vero?!",1,"['marcellofo67', 'ninersmessimale']",[],[],1,0,2,[],[],https://twitter.com/RodolfoBrutti/status/1224419581806161920,False,,0,,,,,,,"[{'user_id': '148402878', 'username': 'RodolfoBrutti'}, {'user_id': '1971946628', 'username': 'marcellofo67'}, {'user_id': '810605622161014786', 'username': 'ninersmessimale'}]",,,,
"1,22441628024298E+018","1,22441628024298E+018",1580758564000,2020-02-03,20:36:04,CET,"7,02063431768273E+017",meteononnaroma,Meteo Nonna Roma,,"Me d√≤leno le ginocchia, a nonna! Se sta pe' annuvol√†! Nun piove ancora, ma portate l'ombrello che nun se sa mai, a nonna! #meteo #roma",1,[],[],[],0,0,0,"['#meteo', '#roma']",[],https://twitter.com/MeteoNonnaRoma/status/1224416280242982914,False,,0,,,,,,,"[{'user_id': '702063431768272896', 'username': 'MeteoNonnaRoma'}]",,,,
"1,22441010575781E+018","1,22439489009795E+018",1580757092000,2020-02-03,20:11:32,CET,1031148002,smrain_54,Stefano Meconi,,Ma che piove?üòÇüòÇüòÇ,1,"['emilianoavanti', 'fuffetto']",[],[],1,0,1,[],[],https://twitter.com/smrain_54/status/1224410105757806592,False,,0,,,,,,,"[{'user_id': '1031148002', 'username': 'smrain_54'}, {'user_id': '396537673', 'username': 'emilianoavanti'}, {'user_id': '1010200965553811456', 'username': 'fuffetto'}]",,,,
"1,22440547298959E+018","1,22433501252026E+018",1580755987000,2020-02-03,19:53:07,CET,"1,1976588239616E+018",leonard06203236,Leonardo,,"Apriamo l' ombrello, piove...",1,['giul91'],[],[],0,0,0,[],[],https://twitter.com/Leonard06203236/status/1224405472989589504,False,,0,,,,,,,"[{'user_id': '1197658823961595904', 'username': 'Leonard06203236'}, {'user_id': '195483716', 'username': 'giul91'}]",,,,
"1,22439238072138E+018","1,22430316528741E+018",1580752866000,2020-02-03,19:01:06,CET,"8,79812316291903E+017",thelma02559007,Arianna üáÆüáπ #iostoconsalvini,,Direbbero che se piove a febbraio √® colpa di Salvini!!!!üòÇüòÇüòÇ,1,"['maxtomorrow', 'ettoretreglia']",[],[],1,0,3,[],[],https://twitter.com/Thelma02559007/status/1224392380721377280,False,,0,,,,,,,"[{'user_id': '879812316291903489', 'username': 'Thelma02559007'}, {'user_id': '1187364870842392580', 'username': 'MaxTomorrow'}, {'user_id': '861946438439383040', 'username': 'EttoreTreglia'}]",,,,
"1,2243920586114E+018","1,2243920586114E+018",1580752789000,2020-02-03,18:59:49,CET,"8,687946619131E+017",carmelacusmai,Carmela Cusmai,,"Ma non sono che un uomo, e
quest'uomo
ti scrive da un tavolo ingombro
e piove,
oggi, anche la pioggia
ha le sue beatitudini
sulla casa dalle grondaie rotte

Pierluigi Cappello

#VivoLaPoesia a

#CasaLettori @CasaLettori
@LibriAmati
@Carmela_oltre @JamesLucasIT
#3febbraio pic.twitter.com/F8AkyLq1BH",1,"['casalettori', 'libriamati', 'carmela_oltre', 'jameslucasit']",[],[],0,10,18,"['#vivolapoesia', '#casalettori', '#3febbraio']",[],https://twitter.com/CarmelaCusmai/status/1224392058611404800,False,,1,,,,,,,"[{'user_id': '868794661913100288', 'username': 'CarmelaCusmai'}, {'user_id': '2331802006', 'username': 'CasaLettori'}, {'user_id': '1646179849', 'username': 'LibriAmati'}, {'user_id': '884023737745645572', 'username': 'Carmela_oltre'}, {'user_id': '1027214104661028864', 'username': 'JamesLucasIT'}]",,,,
"1,22437231524234E+018","1,22437231524234E+018",1580748082000,2020-02-03,17:41:22,CET,3015089853,monkeyssarct,Clareüåô,,NO RAGA PIOVE MANNAGGIA AL PATRIARCATO,1,[],[],[],0,0,4,[],[],https://twitter.com/MonkeyssArct/status/1224372315242344448,False,,0,,,,,,,"[{'user_id': '3015089853', 'username': 'MonkeyssArct'}]",,,,
"1,22436479628553E+018","1,22431107577413E+018",1580746289000,2020-02-03,17:11:29,CET,2625335697,grandeladro,DIPLOMATICO‚ùÑ,,"E di marzo sta foto, oggi piove come al solito",1,['ciambel53940452'],[],[],1,0,1,[],[],https://twitter.com/grandeladro/status/1224364796285530112,False,,0,,,,,,,"[{'user_id': '2625335697', 'username': 'grandeladro'}, {'user_id': '1146443661397385216', 'username': 'Ciambel53940452'}]",,,,
"1,22435874899673E+018","1,22433617492127E+018",1580744847000,2020-02-03,16:47:27,CET,"1,00697264373878E+018",rrrrgggg6,Osservante (Watcher),,"Piove, governo ladro.

Ahah ... bravi ahahüëèüëèüëèüëèüëè",1,['danielecolonna'],[],[],0,0,1,[],[],https://twitter.com/rrrrgggg6/status/1224358748996734977,False,,0,,,,,,,"[{'user_id': '1006972643738779648', 'username': 'rrrrgggg6'}, {'user_id': '444612914', 'username': 'DanieleColonna'}]",,,,
"1,22435721363816E+018","1,22435721363816E+018",1580744481000,2020-02-03,16:41:21,CET,"9,04689905435111E+017",hopelessjo,joüåô,,"che dolore dentro me quando piove,
quando piove e tu non stai con me.",1,[],[],[],0,0,1,[],[],https://twitter.com/hopelessjo/status/1224357213638156288,False,,0,,,,,,,"[{'user_id': '904689905435111424', 'username': 'hopelessjo'}]",,,,
"1,22435370613884E+018","1,22435370613884E+018",1580743645000,2020-02-03,16:27:25,CET,"1,173580319901E+018",peppathefrog,ItaliaSovrana,,"-Pronto Emmanuel?
-Si dimmi..
-Oggi c'√® bel tempo in Francia? 
-Mah.. piove merda, montagne di merda.. üòÇüòÇüòÇ  https://twitter.com/AlessandroCere7/status/1224344445069426694¬†‚Ä¶",1,[],['https://twitter.com/AlessandroCere7/status/1224344445069426694'],[],0,0,7,[],[],https://twitter.com/peppathefrog/status/1224353706138841088,False,https://twitter.com/AlessandroCere7/status/1224344445069426694,0,,,,,,,"[{'user_id': '1173580319900995585', 'username': 'peppathefrog'}]",,,,
"1,22438894606028E+018","1,22436315776798E+018",1580752047000,2020-02-03,18:47:27,CET,384210667,smakwa1kenya,marco t.,,"A Mombasa, in estate australe, piove da giorni. E qui, nessuno  ricorda un clima cos√¨! 

(ma tanto quella √® solo un Gretina telecomandata...)",2,['terra_pianeta'],[],[],0,0,5,[],[],https://twitter.com/Smakwa1Kenya/status/1224388946060283904,False,,0,,,,,,,"[{'user_id': '384210667', 'username': 'Smakwa1Kenya'}, {'user_id': '1159104065441292289', 'username': 'Terra_Pianeta'}]",,,,
"1,22439927117425E+018","1,22433621221695E+018",1580754509000,2020-02-03,19:28:29,CET,1190358056,pimpinellas,Pimpinella,,"Piove (ciao, ciao bambina)- Modugno
Perdere l‚Äôamore - Ranieri
Controvento - Arisa",0,['solo_roby'],[],[],0,1,0,[],[],https://twitter.com/Pimpinellas/status/1224399271174246400,False,,0,,,,,,,"[{'user_id': '1190358056', 'username': 'Pimpinellas'}, {'user_id': '253506375', 'username': 'solo_Roby'}]",,,,
